0	CVCL_1590	NCIH810_LUNG	ACH-000789
1	CVCL_1283	HN_UPPER_AERODIGESTIVE_TRACT	ACH-001090
2	CVCL_2010	COV434_OVARY	ACH-000123
3	CVCL_0207	CCRFCEM_HAEMATOPOIETIC_AND_LYMPHOID_TISSUE	ACH-001738
4	CVCL_2681	PECAPJ49_UPPER_AERODIGESTIVE_TRACT	ACH-000735
5	CVCL_0035	PC3_PROSTATE	ACH-000090
6	CVCL_3043	NCO2_HAEMATOPOIETIC_AND_LYMPHOID_TISSUE	ACH-000076
7	CVCL_1731	SW900_LUNG	ACH-000669
8	CVCL_0425	MEG01_HAEMATOPOIETIC_AND_LYMPHOID_TISSUE	ACH-000072
9	CVCL_1786	VMCUB1_URINARY_TRACT	ACH-000545
10	CVCL_2891	EBC1_LUNG	ACH-000563
11	CVCL_2022	DND41_HAEMATOPOIETIC_AND_LYMPHOID_TISSUE	ACH-000981
12	CVCL_1407	MFHINO_SOFT_TISSUE	ACH-002271
13	CVCL_1403	MELJUSO_SKIN	ACH-000881
14	CVCL_1241	HA7RCC_KIDNEY	ACH-002139
15	CVCL_1754	TE441T_SOFT_TISSUE	ACH-000772
16	CVCL_1646	RAMOS2G64C10_HAEMATOPOIETIC_AND_LYMPHOID_TISSUE	ACH-002300
17	CVCL_5071	SNU503_LARGE_INTESTINE	ACH-000683
18	CVCL_1360	KYSE50_OESOPHAGUS	ACH-002264
19	CVCL_1064	A4FUK_HAEMATOPOIETIC_AND_LYMPHOID_TISSUE	ACH-000157
20	CVCL_4897	PK59_PANCREAS	ACH-000205
21	CVCL_E325	UDSCC2_UPPER_AERODIGESTIVE_TRACT	ACH-002391
22	CVCL_1133	COLO741_SKIN	ACH-000582
23	CVCL_1699	SKMM2_HAEMATOPOIETIC_AND_LYMPHOID_TISSUE	ACH-000363
24	CVCL_1464	NCIH1355_LUNG	ACH-000666
25	CVCL_5059	SNU410_PANCREAS	ACH-000517
26	CVCL_1711	SR786_HAEMATOPOIETIC_AND_LYMPHOID_TISSUE	ACH-000338
27	CVCL_1844	OCIAML3_HAEMATOPOIETIC_AND_LYMPHOID_TISSUE	ACH-000336
28	CVCL_0471	OE33_OESOPHAGUS	ACH-000383
29	CVCL_1347	KYSE140_OESOPHAGUS	ACH-000823
30	CVCL_2411	CORL303_LUNG	ACH-002095
31	CVCL_1593	NCIH835_LUNG	ACH-002177
32	CVCL_0093	RS411_HAEMATOPOIETIC_AND_LYMPHOID_TISSUE	ACH-000874
33	CVCL_1149	CTB1_HAEMATOPOIETIC_AND_LYMPHOID_TISSUE	ACH-002221
34	CVCL_3055	NCCSTCK140_STOMACH	ACH-000110
35	CVCL_0428	MIAPACA2_PANCREAS	ACH-000601
36	CVCL_1192	EFO27_OVARY	ACH-000936
37	CVCL_0627	SKES1_BONE	ACH-000087
38	CVCL_0079	697_HAEMATOPOIETIC_AND_LYMPHOID_TISSUE	ACH-000070
39	CVCL_1269	HCC4006_LUNG	ACH-000066
40	CVCL_2425	COV644_OVARY	ACH-000608
41	CVCL_0092	NALM6_HAEMATOPOIETIC_AND_LYMPHOID_TISSUE	ACH-000938
42	CVCL_1820	HPBALL_HAEMATOPOIETIC_AND_LYMPHOID_TISSUE	ACH-000942
43	CVCL_1091	BPH1_PROSTATE	ACH-001453
44	CVCL_X506	NCC021_KIDNEY	ACH-002168
45	CVCL_1124	CHP134_AUTONOMIC_GANGLIA	ACH-001338
46	CVCL_3168	SKN3_UPPER_AERODIGESTIVE_TRACT	ACH-002305
47	CVCL_1579	NCIH69_LUNG	ACH-000358
48	CVCL_2981	KMM1_HAEMATOPOIETIC_AND_LYMPHOID_TISSUE	ACH-000889
49	CVCL_1411	MHHES1_BONE	ACH-000391
50	CVCL_0312	HOS_BONE	ACH-000613
51	CVCL_1702	SKNFI_AUTONOMIC_GANGLIA	ACH-000341
52	CVCL_2765	WM2664_SKIN	ACH-001239
53	CVCL_1581	NCIH716_LARGE_INTESTINE	ACH-000491
54	CVCL_5952	TUHR10TKB_KIDNEY	ACH-000459
55	CVCL_1515	NCIH2023_LUNG	ACH-000781
56	CVCL_1305	IM9_HAEMATOPOIETIC_AND_LYMPHOID_TISSUE	ACH-002247
57	CVCL_4644	JHOM1_OVARY	ACH-000237
58	CVCL_1682	SCC25_UPPER_AERODIGESTIVE_TRACT	ACH-000188
59	CVCL_4657	JHUEM3_ENDOMETRIUM	ACH-000173
60	CVCL_1517	NCIH2030_LUNG	ACH-000521
61	CVCL_1704	SKGIIIA_CERVIX	ACH-002020
62	CVCL_1146	CPCN_LUNG	ACH-001049
63	CVCL_1691	SF539_CENTRAL_NERVOUS_SYSTEM	ACH-000273
64	CVCL_4648	JHOS3_OVARY	ACH-002146
65	CVCL_3110	OVKATE_OVARY	ACH-000443
66	CVCL_6473	WM278_SKIN	ACH-002206
67	CVCL_1598	NCIH889_LUNG	ACH-000297
68	CVCL_1687	SCH_STOMACH	ACH-002198
69	CVCL_2412	CORL311_LUNG	ACH-000187
70	CVCL_0291	HCT116_LARGE_INTESTINE	ACH-000971
71	CVCL_1664	RPMI2650_UPPER_AERODIGESTIVE_TRACT	ACH-001385
72	CVCL_2187	SET2_HAEMATOPOIETIC_AND_LYMPHOID_TISSUE	ACH-000195
73	CVCL_1033	HS936T_SKIN	ACH-000801
74	CVCL_1491	NCIH1734_LUNG	ACH-000675
75	CVCL_1081	BE13_HAEMATOPOIETIC_AND_LYMPHOID_TISSUE	ACH-002216
76	CVCL_1397	MCCAR_HAEMATOPOIETIC_AND_LYMPHOID_TISSUE	ACH-002270
77	CVCL_1181	DOTC24510_CERVIX	ACH-001341
78	CVCL_2661	OE21_OESOPHAGUS	ACH-000544
79	CVCL_L079	YD8_UPPER_AERODIGESTIVE_TRACT	ACH-000630
80	CVCL_1509	NCIH196_LUNG	ACH-000752
81	CVCL_5087	SNU738_CENTRAL_NERVOUS_SYSTEM	ACH-000807
82	CVCL_0126	5637_URINARY_TRACT	ACH-000905
83	CVCL_1405	MFE280_ENDOMETRIUM	ACH-000192
84	CVCL_1234	GOTO_AUTONOMIC_GANGLIA	ACH-001716
85	CVCL_1300	HUPT4_PANCREAS	ACH-000213
86	CVCL_1343	KS1_CENTRAL_NERVOUS_SYSTEM	ACH-000631
87	CVCL_0538	SUDHL1_HAEMATOPOIETIC_AND_LYMPHOID_TISSUE	ACH-000664
88	CVCL_2931	HEC6_ENDOMETRIUM	ACH-000984
89	CVCL_2986	KMRC20_KIDNEY	ACH-000250
90	CVCL_2253	C4I_CERVIX	ACH-001334
91	CVCL_1567	NCIH522_LUNG	ACH-000343
92	CVCL_1571	NCIH596_LUNG	ACH-000628
93	CVCL_3336	TE14_OESOPHAGUS	ACH-000726
94	CVCL_3770	OVK18_OVARY	ACH-000947
95	CVCL_2309	BICR18_UPPER_AERODIGESTIVE_TRACT	ACH-000992
96	CVCL_1425	MONOMAC1_HAEMATOPOIETIC_AND_LYMPHOID_TISSUE	ACH-001129
97	CVCL_1122	CHL1_SKIN	ACH-001024
98	CVCL_1107	CAL27_UPPER_AERODIGESTIVE_TRACT	ACH-000832
99	CVCL_2091	KCL22_HAEMATOPOIETIC_AND_LYMPHOID_TISSUE	ACH-000983
100	CVCL_1169	DBTRG05MG_CENTRAL_NERVOUS_SYSTEM	ACH-000863
101	CVCL_5986	JHU011_UPPER_AERODIGESTIVE_TRACT	ACH-002249
102	CVCL_1710	SNUC2B_LARGE_INTESTINE	ACH-001199
103	CVCL_3002	KP1N_PANCREAS	ACH-001107
104	CVCL_0317	HT1080_SOFT_TISSUE	ACH-000054
105	CVCL_1450	NBSUSSR_AUTONOMIC_GANGLIA	ACH-002340
106	CVCL_2106	M07E_HAEMATOPOIETIC_AND_LYMPHOID_TISSUE	ACH-000602
107	CVCL_1324	KARPAS299_HAEMATOPOIETIC_AND_LYMPHOID_TISSUE	ACH-000053
108	CVCL_1796	YKG1_CENTRAL_NERVOUS_SYSTEM	ACH-000570
109	CVCL_1292	HT1376_URINARY_TRACT	ACH-000724
110	CVCL_1290	HT_HAEMATOPOIETIC_AND_LYMPHOID_TISSUE	ACH-000914
111	CVCL_3117	OVTOKO_OVARY	ACH-000663
112	CVCL_1628	OVCAR5_OVARY	ACH-001151
113	CVCL_1209	EW11_BONE	ACH-002111
114	CVCL_1385	LS411N_LARGE_INTESTINE	ACH-000985
115	CVCL_1480	NCIH1618_LUNG	ACH-000179
116	CVCL_1630	P12ICHIKAWA_HAEMATOPOIETIC_AND_LYMPHOID_TISSUE	ACH-000372
117	CVCL_1766	TE8_OESOPHAGUS	ACH-000452
118	CVCL_0559	TF1_HAEMATOPOIETIC_AND_LYMPHOID_TISSUE	ACH-000387
119	CVCL_0032	SIHA_CERVIX	ACH-000556
120	CVCL_5017	SNU1214_UPPER_AERODIGESTIVE_TRACT	ACH-000715
121	CVCL_1375	LCLC103H_LUNG	ACH-000627
122	CVCL_2908	FU97_STOMACH	ACH-000633
123	CVCL_1467	NCIH1395_LUNG	ACH-000327
124	CVCL_3612	TOV112D_OVARY	ACH-000048
125	CVCL_1644	PSN1_PANCREAS	ACH-000320
126	CVCL_6472	WM1552C_SKIN	ACH-002205
127	CVCL_0543	SW1353_BONE	ACH-000418
128	CVCL_1298	HUO9_BONE	ACH-001526
129	CVCL_1723	SW1990_PANCREAS	ACH-000155
130	CVCL_2059	HCC366_LUNG	ACH-000840
131	CVCL_3611	TOLEDO_HAEMATOPOIETIC_AND_LYMPHOID_TISSUE	ACH-000285
132	CVCL_3076	NO11_CENTRAL_NERVOUS_SYSTEM	ACH-001606
133	CVCL_0029	EFO21_OVARY	ACH-000308
134	None	CORL321_PLEURA	None
135	CVCL_1126	CMLT1_HAEMATOPOIETIC_AND_LYMPHOID_TISSUE	ACH-000920
136	CVCL_3755	NK92MI_HAEMATOPOIETIC_AND_LYMPHOID_TISSUE	ACH-002289
137	CVCL_2585	MCC26_SKIN	ACH-001552
138	CVCL_1326	KARPAS45_HAEMATOPOIETIC_AND_LYMPHOID_TISSUE	ACH-002256
139	CVCL_1708	SNUC1_LARGE_INTESTINE	ACH-000722
140	CVCL_1208	EW1_BONE	ACH-002110
141	CVCL_2034	EN_ENDOMETRIUM	ACH-000978
142	CVCL_0243	DANG_PANCREAS	ACH-000243
143	CVCL_1158	D392MG_CENTRAL_NERVOUS_SYSTEM	ACH-002227
144	CVCL_1987	COLO201_LARGE_INTESTINE	ACH-000253
145	CVCL_1877	NUDUL1_HAEMATOPOIETIC_AND_LYMPHOID_TISSUE	ACH-000287
146	CVCL_2991	KMS21BM_HAEMATOPOIETIC_AND_LYMPHOID_TISSUE	ACH-000598
147	CVCL_4649	JHOS4_OVARY	ACH-000584
148	CVCL_1171	DETROIT562_UPPER_AERODIGESTIVE_TRACT	ACH-000207
149	CVCL_1351	KYSE30_OESOPHAGUS	ACH-000777
150	CVCL_0067	NAMALWA_HAEMATOPOIETIC_AND_LYMPHOID_TISSUE	ACH-000944
151	CVCL_1078	BB65RCC_KIDNEY	ACH-002090
152	CVCL_1524	NCIH2087_LUNG	ACH-000841
153	CVCL_6805	WM88_SKIN	ACH-000899
154	CVCL_1067	ACHN_KIDNEY	ACH-000046
155	CVCL_0017	U698M_HAEMATOPOIETIC_AND_LYMPHOID_TISSUE	ACH-001680
156	CVCL_1722	SW1783_CENTRAL_NERVOUS_SYSTEM	ACH-000883
157	CVCL_1120	CGTHW1_THYROID	ACH-001023
158	CVCL_2060	HCC44_LUNG	ACH-000667
159	CVCL_0363	JEG3_PLACENTA	ACH-001530
160	CVCL_1231	GI1_CENTRAL_NERVOUS_SYSTEM	ACH-000756
161	CVCL_0623	MDAMB436_BREAST	ACH-000573
162	CVCL_X507	PL18_PANCREAS	ACH-002185
163	CVCL_0080	A673_BONE	ACH-000052
164	CVCL_1913	PEER_HAEMATOPOIETIC_AND_LYMPHOID_TISSUE	ACH-000519
165	CVCL_1610	NOS1_BONE	ACH-002067
166	CVCL_3540	LNZTA3WT4_CENTRAL_NERVOUS_SYSTEM	ACH-002269
167	CVCL_1989	COLO320_LARGE_INTESTINE	ACH-000202
168	CVCL_1825	KYAE1_OESOPHAGUS	ACH-001544
169	CVCL_1434	MZ1PC_PANCREAS	ACH-002164
170	CVCL_0528	SKNBE2_AUTONOMIC_GANGLIA	ACH-000312
171	CVCL_0089	MHHCALL3_HAEMATOPOIETIC_AND_LYMPHOID_TISSUE	ACH-000032
172	CVCL_0076	SNU16_STOMACH	ACH-000581
173	CVCL_3112	OVMIU_OVARY	ACH-002183
174	CVCL_1308	ISTMEL1_SKIN	ACH-002143
175	CVCL_3385	KE39_STOMACH	ACH-000507
176	CVCL_1178	DMS79_LUNG	ACH-000703
177	CVCL_1639	PANC1005_PANCREAS	ACH-000060
178	CVCL_4900	SQ1_LUNG	ACH-000553
179	CVCL_2680	PECAPJ41CLONED2_UPPER_AERODIGESTIVE_TRACT	ACH-000732
180	None	SCC90_UPPER_AERODIGESTIVE_TRACT	None
181	CVCL_2123	MOLP2_HAEMATOPOIETIC_AND_LYMPHOID_TISSUE	ACH-000453
182	CVCL_1709	SNUC2A_LARGE_INTESTINE	ACH-000967
183	CVCL_8792	MM1S_HAEMATOPOIETIC_AND_LYMPHOID_TISSUE	ACH-000763
184	CVCL_5096	SNU8_OVARY	ACH-000460
185	CVCL_1760	TE10_OESOPHAGUS	ACH-000318
186	CVCL_2977	KMBC2_URINARY_TRACT	ACH-000862
187	CVCL_1280	HH_HAEMATOPOIETIC_AND_LYMPHOID_TISSUE	ACH-000061
188	CVCL_1226	GAMG_CENTRAL_NERVOUS_SYSTEM	ACH-000098
189	CVCL_1116	CAR1_LARGE_INTESTINE	ACH-002345
190	CVCL_2027	EB1_HAEMATOPOIETIC_AND_LYMPHOID_TISSUE	ACH-000877
191	CVCL_0950	HS852T_SKIN	ACH-000274
192	CVCL_5058	SNU407_LARGE_INTESTINE	ACH-000955
193	CVCL_0609	CALU3_LUNG	ACH-000392
194	CVCL_3317	HMCB_SKIN	ACH-000931
195	CVCL_A637	KMS18_HAEMATOPOIETIC_AND_LYMPHOID_TISSUE	ACH-000658
196	CVCL_1418	ML2_HAEMATOPOIETIC_AND_LYMPHOID_TISSUE	ACH-002273
197	CVCL_1108	CAL33_UPPER_AERODIGESTIVE_TRACT	ACH-000518
198	CVCL_3169	SLVL_HAEMATOPOIETIC_AND_LYMPHOID_TISSUE	ACH-002062
199	CVCL_0293	HEC1A_ENDOMETRIUM	ACH-000954
200	CVCL_0331	HS294T_SKIN	ACH-000014
201	CVCL_8876	GSS_STOMACH	ACH-000746
202	CVCL_2209	SUPM2_HAEMATOPOIETIC_AND_LYMPHOID_TISSUE	ACH-000226
203	CVCL_1182	DSH1_URINARY_TRACT	ACH-002235
204	CVCL_1688	SF126_CENTRAL_NERVOUS_SYSTEM	ACH-000609
205	CVCL_3532	JM1_HAEMATOPOIETIC_AND_LYMPHOID_TISSUE	ACH-000151
206	CVCL_1227	GB1_CENTRAL_NERVOUS_SYSTEM	ACH-000738
207	CVCL_5015	SNU1196_BILIARY_TRACT	ACH-000461
208	CVCL_1353	KYSE450_OESOPHAGUS	ACH-000865
209	CVCL_0090	SNU182_LIVER	ACH-000483
210	CVCL_4849	LMSU_STOMACH	ACH-000255
211	CVCL_8822	NB5_AUTONOMIC_GANGLIA	ACH-002283
212	CVCL_1642	PFSK1_CENTRAL_NERVOUS_SYSTEM	ACH-001711
213	CVCL_3326	PFEIFFER_HAEMATOPOIETIC_AND_LYMPHOID_TISSUE	ACH-000140
214	CVCL_2062	HCC202_BREAST	ACH-000725
215	CVCL_1636	PANC0403_PANCREAS	ACH-000235
216	CVCL_0013	MOLT4_HAEMATOPOIETIC_AND_LYMPHOID_TISSUE	ACH-001127
217	CVCL_1621	OCUBM_BREAST	ACH-002179
218	CVCL_1795	YH13_CENTRAL_NERVOUS_SYSTEM	ACH-000469
219	CVCL_1252	HCC1428_BREAST	ACH-000352
220	CVCL_1342	KPNYS_AUTONOMIC_GANGLIA	ACH-002261
221	CVCL_5064	SNU466_CENTRAL_NERVOUS_SYSTEM	ACH-000289
222	CVCL_2104	LOUNH91_LUNG	ACH-000176
223	CVCL_1456	NCIH1155_LUNG	ACH-000980
224	CVCL_6895	DIFI_LARGE_INTESTINE	ACH-002233
225	CVCL_0320	HT29_LARGE_INTESTINE	ACH-000552
226	CVCL_1274	HEC1_ENDOMETRIUM	ACH-001517
227	CVCL_1885	RI1_HAEMATOPOIETIC_AND_LYMPHOID_TISSUE	ACH-000398
228	CVCL_1254	HCC1500_BREAST	ACH-000349
229	CVCL_1370	LB831BLC_URINARY_TRACT	ACH-002266
230	CVCL_0619	MDAMB330_BREAST	ACH-001358
231	CVCL_1842	OACM51_OESOPHAGUS	ACH-001368
232	CVCL_1258	HCC1806_BREAST	ACH-000624
233	CVCL_0608	CALU1_LUNG	ACH-000511
234	CVCL_2119	MOLM13_HAEMATOPOIETIC_AND_LYMPHOID_TISSUE	ACH-000362
235	CVCL_1534	NCIH2141_LUNG	ACH-001138
236	CVCL_2120	MOLM16_HAEMATOPOIETIC_AND_LYMPHOID_TISSUE	ACH-000369
237	CVCL_0556	T98G_CENTRAL_NERVOUS_SYSTEM	ACH-000571
238	CVCL_2873	CCK81_LARGE_INTESTINE	ACH-000963
239	CVCL_2092	KELLY_AUTONOMIC_GANGLIA	ACH-000259
240	CVCL_1218	FADU_UPPER_AERODIGESTIVE_TRACT	ACH-000846
241	CVCL_1281	HLE_LIVER	ACH-001089
242	CVCL_0531	SKNSH_AUTONOMIC_GANGLIA	ACH-000149
243	CVCL_1665	RPMI6666_HAEMATOPOIETIC_AND_LYMPHOID_TISSUE	ACH-001182
244	CVCL_2176	RH41_SOFT_TISSUE	ACH-000100
245	CVCL_1755	TE617T_SOFT_TISSUE	ACH-000051
246	CVCL_0039	SKMEL30_SKIN	ACH-000810
247	CVCL_1319	JVM2_HAEMATOPOIETIC_AND_LYMPHOID_TISSUE	ACH-000106
248	CVCL_1493	NCIH1770_LUNG	ACH-001362
249	CVCL_1424	MOLT16_HAEMATOPOIETIC_AND_LYMPHOID_TISSUE	ACH-000918
250	None	SCI1_HAEMATOPOIETIC_AND_LYMPHOID_TISSUE	None
251	CVCL_1637	PANC0504_PANCREAS	ACH-000093
252	CVCL_1737	TCYIK_CERVIX	ACH-002201
253	CVCL_1530	NCIH2110_LUNG	ACH-000929
254	CVCL_2990	KMS20_HAEMATOPOIETIC_AND_LYMPHOID_TISSUE	ACH-000426
255	CVCL_0313	HPAFII_PANCREAS	ACH-000094
256	CVCL_1086	BHY_UPPER_AERODIGESTIVE_TRACT	ACH-000548
257	CVCL_0378	KNS42_CENTRAL_NERVOUS_SYSTEM	ACH-000622
258	CVCL_0068	SKMEL1_SKIN	ACH-000465
259	CVCL_2947	HLF_LIVER	ACH-000393
260	CVCL_0101	SNU601_STOMACH	ACH-000736
261	CVCL_0062	MDAMB231_BREAST	ACH-000768
262	CVCL_3152	RERFGC1B_STOMACH	ACH-000144
263	CVCL_1052	8MGBA_CENTRAL_NERVOUS_SYSTEM	ACH-000137
264	CVCL_0401	M059K_CENTRAL_NERVOUS_SYSTEM	ACH-000152
265	CVCL_8878	HEYA8_OVARY	ACH-000542
266	CVCL_2983	KMRC1_KIDNEY	ACH-000684
267	CVCL_1458	NCIH1184_LUNG	ACH-000523
268	CVCL_1615	OAW42_OVARY	ACH-000704
269	CVCL_1166	D566MG_CENTRAL_NERVOUS_SYSTEM	ACH-002231
270	CVCL_1164	D542MG_CENTRAL_NERVOUS_SYSTEM	ACH-002230
271	CVCL_1473	NCIH146_LUNG	ACH-000506
272	CVCL_5127	HCC1195_LUNG	ACH-000868
273	CVCL_0459	NCIH460_LUNG	ACH-000463
274	None	WM793B_SKIN	None
275	CVCL_1683	SCC3_HAEMATOPOIETIC_AND_LYMPHOID_TISSUE	ACH-001642
276	CVCL_1588	NCIH748_LUNG	ACH-002176
277	CVCL_4658	JHUEM7_ENDOMETRIUM	ACH-000993
278	CVCL_5884	RCCMF_KIDNEY	ACH-002192
279	CVCL_1174	DMS114_LUNG	ACH-000530
280	CVCL_2081	JMSU1_URINARY_TRACT	ACH-000753
281	None	KE97_HAEMATOPOIETIC_AND_LYMPHOID_TISSUE	None
282	CVCL_0346	IMR32_AUTONOMIC_GANGLIA	ACH-000310
283	CVCL_5101	SNU869_BILIARY_TRACT	ACH-000182
284	CVCL_1162	D502MG_CENTRAL_NERVOUS_SYSTEM	ACH-002229
285	CVCL_0065	JURKAT_HAEMATOPOIETIC_AND_LYMPHOID_TISSUE	ACH-000995
286	CVCL_2415	CORL47_LUNG	ACH-000695
287	CVCL_0105	DU145_PROSTATE	ACH-000979
288	CVCL_0069	SKMEL2_SKIN	ACH-001190
289	CVCL_5111	SNUC4_LARGE_INTESTINE	ACH-000959
290	CVCL_1356	KYSE70_OESOPHAGUS	ACH-000784
291	CVCL_1505	NCIH1915_LUNG	ACH-000434
292	CVCL_1475	NCIH1563_LUNG	ACH-000892
293	CVCL_1079	BC1_HAEMATOPOIETIC_AND_LYMPHOID_TISSUE	ACH-002214
294	CVCL_1442	NB12_AUTONOMIC_GANGLIA	ACH-002279
295	CVCL_0617	MDAMB134VI_BREAST	ACH-000044
296	CVCL_1230	GDM1_HAEMATOPOIETIC_AND_LYMPHOID_TISSUE	ACH-000081
297	CVCL_A385	HSC39_STOMACH	ACH-002141
298	CVCL_0178	BT20_BREAST	ACH-000536
299	CVCL_2312	BICR31_UPPER_AERODIGESTIVE_TRACT	ACH-000228
300	CVCL_1213	EW18_BONE	ACH-002115
301	CVCL_1284	HO1N1_UPPER_AERODIGESTIVE_TRACT	ACH-002244
302	CVCL_3007	KYM1_SOFT_TISSUE	ACH-000607
303	CVCL_0186	BXPC3_PANCREAS	ACH-000535
304	CVCL_2078	JJN3_HAEMATOPOIETIC_AND_LYMPHOID_TISSUE	ACH-000653
305	CVCL_1496	NCIH1793_LUNG	ACH-000888
306	CVCL_0001	HEL_HAEMATOPOIETIC_AND_LYMPHOID_TISSUE	ACH-000004
307	CVCL_1215	EW24_BONE	ACH-002117
308	CVCL_0033	SKBR3_BREAST	ACH-000017
309	CVCL_1072	ARH77_HAEMATOPOIETIC_AND_LYMPHOID_TISSUE	ACH-002210
310	CVCL_1242	HAL01_HAEMATOPOIETIC_AND_LYMPHOID_TISSUE	ACH-002241
311	CVCL_2420	COV362_OVARY	ACH-000278
312	CVCL_1707	SNGM_ENDOMETRIUM	ACH-000974
313	CVCL_L083	YD38_UPPER_AERODIGESTIVE_TRACT	ACH-000762
314	CVCL_1436	MZ7MEL_SKIN	ACH-002166
315	CVCL_1499	NCIH1838_LUNG	ACH-000733
316	CVCL_A351	HCC1588_LUNG	ACH-001078
317	CVCL_0455	NCIH292_LUNG	ACH-001075
318	CVCL_1121	CHAGOK1_LUNG	ACH-000867
319	CVCL_1902	WSUDLCL2_HAEMATOPOIETIC_AND_LYMPHOID_TISSUE	ACH-000534
320	CVCL_2067	HDQP1_BREAST	ACH-000643
321	CVCL_3728	JSC1_HAEMATOPOIETIC_AND_LYMPHOID_TISSUE	ACH-002253
322	CVCL_3087	OSC20_UPPER_AERODIGESTIVE_TRACT	ACH-001626
323	CVCL_1401	ME180_CERVIX	ACH-001359
324	CVCL_1693	SHP77_LUNG	ACH-000790
325	CVCL_2928	HEC265_ENDOMETRIUM	ACH-000946
326	CVCL_1074	AU565_BREAST	ACH-000248
327	CVCL_1549	NCIH2342_LUNG	ACH-000951
328	None	SW626_OVARY	None
329	CVCL_2315	BICR78_UPPER_AERODIGESTIVE_TRACT	ACH-001332
330	CVCL_1763	TE15_OESOPHAGUS	ACH-000353
331	CVCL_1392	LU65_LUNG	ACH-000438
332	CVCL_1632	P31FUJ_HAEMATOPOIETIC_AND_LYMPHOID_TISSUE	ACH-000770
333	CVCL_1103	CADOES1_BONE	ACH-000210
334	CVCL_1660	RL_HAEMATOPOIETIC_AND_LYMPHOID_TISSUE	ACH-000371
335	CVCL_1245	HCC1143_BREAST	ACH-000374
336	CVCL_0250	SNU387_LIVER	ACH-000478
337	CVCL_1145	CP67MEL_SKIN	ACH-002098
338	CVCL_1204	ES8_BONE	ACH-002109
339	CVCL_1768	TGBC11TKB_STOMACH	ACH-000949
340	CVCL_5113	ACCMESO1_PLEURA	ACH-000086
341	CVCL_1545	NCIH2286_LUNG	ACH-000912
342	CVCL_1819	VAL_HAEMATOPOIETIC_AND_LYMPHOID_TISSUE	ACH-001703
343	CVCL_1084	BFTC909_KIDNEY	ACH-000792
344	CVCL_0041	RH30_SOFT_TISSUE	ACH-000833
345	CVCL_1373	LC2AD_LUNG	ACH-002157
346	CVCL_1822	KARPAS231_HAEMATOPOIETIC_AND_LYMPHOID_TISSUE	ACH-002255
347	CVCL_0505	RL952_ENDOMETRIUM	ACH-000965
348	CVCL_5G89	SARC9371_BONE	ACH-002396
349	CVCL_0270	G401_SOFT_TISSUE	ACH-000096
350	CVCL_5083	SNU685_ENDOMETRIUM	ACH-000407
351	CVCL_0332	HS578T_BREAST	ACH-000148
352	CVCL_1883	RCK8_HAEMATOPOIETIC_AND_LYMPHOID_TISSUE	ACH-001638
353	CVCL_1217	EW7_BONE	ACH-002119
354	CVCL_3881	SU8686_PANCREAS	ACH-000114
355	CVCL_1865	JEKO1_HAEMATOPOIETIC_AND_LYMPHOID_TISSUE	ACH-000357
356	CVCL_3337	TE4_OESOPHAGUS	ACH-000917
357	CVCL_1627	OVCAR4_OVARY	ACH-000617
358	CVCL_5014	SNU119_OVARY	ACH-000635
359	CVCL_1717	SW1417_LARGE_INTESTINE	ACH-000236
360	CVCL_2112	MFE319_ENDOMETRIUM	ACH-000988
361	CVCL_2093	KIJK_HAEMATOPOIETIC_AND_LYMPHOID_TISSUE	ACH-000773
362	CVCL_1212	EW16_BONE	ACH-002114
363	CVCL_1564	NCIH508_LARGE_INTESTINE	ACH-000360
364	CVCL_1355	KYSE520_OESOPHAGUS	ACH-000637
365	CVCL_0030	HELA_CERVIX	ACH-001086
366	CVCL_1793	WSUNHL_HAEMATOPOIETIC_AND_LYMPHOID_TISSUE	ACH-001709
367	CVCL_1207	EVSAT_BREAST	ACH-001065
368	CVCL_1463	NCIH1341_LUNG	ACH-000129
369	CVCL_0005	NB4_HAEMATOPOIETIC_AND_LYMPHOID_TISSUE	ACH-000294
370	CVCL_1890	SUDHL16_HAEMATOPOIETIC_AND_LYMPHOID_TISSUE	ACH-002307
371	CVCL_1738	TCCSUP_URINARY_TRACT	ACH-000720
372	CVCL_1780	UACC62_SKIN	ACH-000425
373	CVCL_1071	AML193_HAEMATOPOIETIC_AND_LYMPHOID_TISSUE	ACH-000557
374	CVCL_1339	KPNRTBM1_AUTONOMIC_GANGLIA	ACH-000345
375	CVCL_1184	DV90_LUNG	ACH-000925
376	CVCL_0526	SKMEL28_SKIN	ACH-000615
377	CVCL_5167	SH10TC_STOMACH	ACH-000764
378	CVCL_1625	OPM2_HAEMATOPOIETIC_AND_LYMPHOID_TISSUE	ACH-000024
379	CVCL_0167	BE2M17_AUTONOMIC_GANGLIA	ACH-002217
380	CVCL_A472	NCIH1339_LUNG	ACH-000921
381	CVCL_1547	NCIH23_LUNG	ACH-000900
382	CVCL_1887	ROS50_HAEMATOPOIETIC_AND_LYMPHOID_TISSUE	ACH-001639
383	CVCL_1233	GMS10_CENTRAL_NERVOUS_SYSTEM	ACH-000102
384	CVCL_1050	769P_KIDNEY	ACH-000411
385	CVCL_0237	CAPAN1_PANCREAS	ACH-000354
386	CVCL_1183	DU4475_BREAST	ACH-000258
387	CVCL_1237	GT3TKB_STOMACH	ACH-002122
388	CVCL_5953	TUHR14TKB_KIDNEY	ACH-000317
389	CVCL_0511	RAJI_HAEMATOPOIETIC_AND_LYMPHOID_TISSUE	ACH-000654
390	CVCL_1847	PATU8988T_PANCREAS	ACH-000023
391	CVCL_5102	SNU878_LIVER	ACH-000686
392	CVCL_1297	HUO3N1_BONE	ACH-002142
393	CVCL_1488	NCIH1693_LUNG	ACH-000021
394	CVCL_0533	SKUT1_SOFT_TISSUE	ACH-000939
395	CVCL_1542	NCIH2227_LUNG	ACH-000610
396	CVCL_C173	PCI6A_UPPER_AERODIGESTIVE_TRACT	ACH-002298
397	CVCL_1533	NCIH2135_LUNG	ACH-001363
398	None	LIM1215_LARGE_INTESTINE	None
399	CVCL_1179	DOHH2_HAEMATOPOIETIC_AND_LYMPHOID_TISSUE	ACH-000056
400	CVCL_1791	VMRCRCZ_KIDNEY	ACH-000171
401	CVCL_8929	YD10B_UPPER_AERODIGESTIVE_TRACT	ACH-000723
402	CVCL_1256	HCC1599_BREAST	ACH-000196
403	CVCL_1330	KMH2_HAEMATOPOIETIC_AND_LYMPHOID_TISSUE	ACH-000815
404	CVCL_1767	TE9_OESOPHAGUS	ACH-000694
405	CVCL_0139	AGS_STOMACH	ACH-000880
406	CVCL_5079	SNU620_STOMACH	ACH-000325
407	CVCL_0375	KGN_OVARY	ACH-002149
408	CVCL_1214	EW22_BONE	ACH-002116
409	CVCL_1378	LN405_CENTRAL_NERVOUS_SYSTEM	ACH-002268
410	CVCL_0360	JAR_PLACENTA	ACH-001529
411	CVCL_0078	SNU5_STOMACH	ACH-000303
412	CVCL_1420	MMACSF_SKIN	ACH-002162
413	CVCL_2127	MOTN1_HAEMATOPOIETIC_AND_LYMPHOID_TISSUE	ACH-001130
414	CVCL_1728	SW780_URINARY_TRACT	ACH-000384
415	CVCL_5992	JHU028_LUNG	ACH-002337
416	CVCL_6774	DOV13_OVARY	ACH-001063
417	CVCL_1394	LXF289_LUNG	ACH-000787
418	CVCL_1727	SW756_CERVIX	ACH-001402
419	CVCL_1172	DJM1_SKIN	ACH-002100
420	CVCL_1719	SW156_KIDNEY	ACH-001398
421	CVCL_2738	UBLC1_URINARY_TRACT	ACH-000741
422	CVCL_5991	JHU022_UPPER_AERODIGESTIVE_TRACT	ACH-002250
423	CVCL_5048	SNU308_BILIARY_TRACT	ACH-000141
424	CVCL_1511	NCIH1975_LUNG	ACH-000587
425	CVCL_2678	PECAPJ15_UPPER_AERODIGESTIVE_TRACT	ACH-000619
426	CVCL_3174	TT_OESOPHAGUS	ACH-000561
427	CVCL_1553	NCIH2452_PLEURA	ACH-000092
428	CVCL_1273	HDMYZ_HAEMATOPOIETIC_AND_LYMPHOID_TISSUE	ACH-000190
429	CVCL_1605	NH12_AUTONOMIC_GANGLIA	ACH-001603
430	CVCL_1614	OAW28_OVARY	ACH-000116
431	CVCL_1301	HUTU80_SMALL_INTESTINE	ACH-000538
432	CVCL_5103	SNU886_LIVER	ACH-000316
433	CVCL_1566	NCIH520_LUNG	ACH-000395
434	CVCL_1532	NCIH2126_LUNG	ACH-000785
435	CVCL_1125	CHP212_AUTONOMIC_GANGLIA	ACH-000120
436	CVCL_1361	L428_HAEMATOPOIETIC_AND_LYMPHOID_TISSUE	ACH-000754
437	CVCL_4381	HUH6_LIVER	ACH-000671
438	CVCL_1372	LC1F_LUNG	ACH-000705
439	CVCL_2992	KMS26_HAEMATOPOIETIC_AND_LYMPHOID_TISSUE	ACH-000588
440	CVCL_1629	OVCAR8_OVARY	ACH-000696
441	CVCL_1573	NCIH64_LUNG	ACH-001599
442	CVCL_1186	EB2_HAEMATOPOIETIC_AND_LYMPHOID_TISSUE	ACH-001064
443	CVCL_1466	NCIH1385_LUNG	ACH-000737
444	CVCL_1346	KY821_HAEMATOPOIETIC_AND_LYMPHOID_TISSUE	ACH-002262
445	CVCL_L088	HCC1438_LUNG	ACH-000891
446	CVCL_1782	UACC893_BREAST	ACH-000554
447	CVCL_H525	ML1_THYROID	ACH-000058
448	CVCL_1552	NCIH2444_LUNG	ACH-000186
449	CVCL_1369	LB771HNC_UPPER_AERODIGESTIVE_TRACT	ACH-002265
450	CVCL_0633	U118MG_CENTRAL_NERVOUS_SYSTEM	ACH-000040
451	CVCL_0545	SW403_LARGE_INTESTINE	ACH-000820
452	CVCL_0589	KASUMI1_HAEMATOPOIETIC_AND_LYMPHOID_TISSUE	ACH-000263
453	CVCL_1093	BECKER_CENTRAL_NERVOUS_SYSTEM	ACH-001016
454	CVCL_0871	HS729_SOFT_TISSUE	ACH-000133
455	CVCL_U797	CJM_SKIN	ACH-000458
456	CVCL_1175	DMS153_LUNG	ACH-000594
457	CVCL_1197	EPLC272H_LUNG	ACH-000585
458	CVCL_1882	ONCODG1_OVARY	ACH-000013
459	CVCL_2206	SUDHL6_HAEMATOPOIETIC_AND_LYMPHOID_TISSUE	ACH-000611
460	CVCL_1302	IALM_LUNG	ACH-000672
461	CVCL_2194	SKGT2_STOMACH	ACH-001653
462	CVCL_5089	SNU761_LIVER	ACH-000537
463	CVCL_1247	HCC1187_BREAST	ACH-000111
464	CVCL_1623	OMC1_CERVIX	ACH-002180
465	CVCL_2447	FTC238_THYROID	ACH-000897
466	CVCL_2095	KYO1_HAEMATOPOIETIC_AND_LYMPHOID_TISSUE	ACH-000604
467	CVCL_0031	MCF7_BREAST	ACH-000019
468	CVCL_1444	NB14_AUTONOMIC_GANGLIA	ACH-002281
469	CVCL_1111	CAL54_KIDNEY	ACH-000457
470	CVCL_2058	HCC33_LUNG	ACH-000515
471	CVCL_1219	FTC133_THYROID	ACH-000903
472	CVCL_1712	ST486_HAEMATOPOIETIC_AND_LYMPHOID_TISSUE	ACH-000567
473	CVCL_1889	SUDHL10_HAEMATOPOIETIC_AND_LYMPHOID_TISSUE	ACH-000271
474	CVCL_0555	T84_LARGE_INTESTINE	ACH-000381
475	CVCL_1341	KPNYN_AUTONOMIC_GANGLIA	ACH-000227
476	CVCL_5086	SNU719_STOMACH	ACH-000898
477	CVCL_0599	SKMEL24_SKIN	ACH-000822
478	CVCL_2079	JK1_HAEMATOPOIETIC_AND_LYMPHOID_TISSUE	ACH-000241
479	CVCL_2675	OV7_OVARY	ACH-000688
480	CVCL_1681	SCC15_UPPER_AERODIGESTIVE_TRACT	ACH-000254
481	CVCL_0028	AN3CA_ENDOMETRIUM	ACH-000940
482	CVCL_S976	PL4_PANCREAS	ACH-002186
483	CVCL_1362	L540_HAEMATOPOIETIC_AND_LYMPHOID_TISSUE	ACH-000806
484	CVCL_1285	HOP62_LUNG	ACH-000861
485	CVCL_0454	SNU449_LIVER	ACH-000420
486	CVCL_1600	NCIH929_HAEMATOPOIETIC_AND_LYMPHOID_TISSUE	ACH-000050
487	CVCL_1482	NCIH1648_LUNG	ACH-000766
488	CVCL_1056	A498_KIDNEY	ACH-000555
489	CVCL_1672	RVH421_SKIN	ACH-000614
490	CVCL_1065	A704_KIDNEY	ACH-000429
491	CVCL_1117	CAS1_CENTRAL_NERVOUS_SYSTEM	ACH-000464
492	CVCL_1118	CCFSTTG1_CENTRAL_NERVOUS_SYSTEM	ACH-000329
493	CVCL_1700	SKNAS_AUTONOMIC_GANGLIA	ACH-000260
494	CVCL_1322	K5_THYROID	ACH-002148
495	CVCL_1453	NCIH1048_LUNG	ACH-000866
496	CVCL_1366	LB2518MEL_SKIN	ACH-002152
497	CVCL_0480	PANC1_PANCREAS	ACH-000164
498	CVCL_2169	RDES_BONE	ACH-000041
499	CVCL_4647	JHOS2_OVARY	ACH-000132
500	CVCL_1141	CORL88_LUNG	ACH-000508
501	CVCL_1386	LS513_LARGE_INTESTINE	ACH-000007
502	CVCL_1428	MRKNU1_BREAST	ACH-002163
503	CVCL_1861	CI1_HAEMATOPOIETIC_AND_LYMPHOID_TISSUE	ACH-000687
504	CVCL_1619	OCIAML2_HAEMATOPOIETIC_AND_LYMPHOID_TISSUE	ACH-000113
505	CVCL_2784	HO1U1_UPPER_AERODIGESTIVE_TRACT	ACH-002045
506	CVCL_0566	U266B1_HAEMATOPOIETIC_AND_LYMPHOID_TISSUE	ACH-000626
507	CVCL_1377	LK2_LUNG	ACH-000769
508	CVCL_1112	CAL62_THYROID	ACH-000174
509	CVCL_2613	MOGGCCM_CENTRAL_NERVOUS_SYSTEM	ACH-001125
510	CVCL_1776	TYKNU_OVARY	ACH-000430
511	CVCL_1523	NCIH2085_LUNG	ACH-000451
512	CVCL_1478	NCIH1573_LUNG	ACH-000916
513	CVCL_0027	HEPG2_LIVER	ACH-000739
514	CVCL_1550	NCIH2347_LUNG	ACH-000875
515	CVCL_1266	HCC2998_LARGE_INTESTINE	ACH-001081
516	CVCL_1150	CTV1_HAEMATOPOIETIC_AND_LYMPHOID_TISSUE	ACH-002222
517	CVCL_6543	ISHIKAWAHERAKLIO02ER_ENDOMETRIUM	ACH-000961
518	CVCL_1565	NCIH510_LUNG	ACH-000871
519	CVCL_1135	COLO800_SKIN	ACH-000401
520	CVCL_L085	SNU1041_UPPER_AERODIGESTIVE_TRACT	ACH-000618
521	CVCL_0336	HUH7_LIVER	ACH-000480
522	CVCL_5868	RCCAB_KIDNEY	ACH-002187
523	CVCL_0550	SKMEL3_SKIN	ACH-000423
524	CVCL_1514	NCIH2009_LUNG	ACH-000886
525	CVCL_1381	LOXIMVI_SKIN	ACH-000750
526	CVCL_3020	MCAS_OVARY	ACH-000796
527	CVCL_1584	NCIH727_LUNG	ACH-000775
528	CVCL_2080	JL1_PLEURA	ACH-000645
529	CVCL_0626	SKCO1_LARGE_INTESTINE	ACH-000400
530	CVCL_1354	KYSE510_OESOPHAGUS	ACH-000824
531	CVCL_0095	SEM_HAEMATOPOIETIC_AND_LYMPHOID_TISSUE	ACH-000782
532	CVCL_2161	PL21_HAEMATOPOIETIC_AND_LYMPHOID_TISSUE	ACH-000218
533	CVCL_2207	SUDHL8_HAEMATOPOIETIC_AND_LYMPHOID_TISSUE	ACH-000656
534	CVCL_0366	SNU423_LIVER	ACH-000493
535	CVCL_1348	KYSE150_OESOPHAGUS	ACH-000855
536	CVCL_1045	22RV1_PROSTATE	ACH-000956
537	CVCL_0244	DG75_HAEMATOPOIETIC_AND_LYMPHOID_TISSUE	ACH-002232
538	CVCL_1445	NB17_AUTONOMIC_GANGLIA	ACH-002282
539	CVCL_7935	253J_URINARY_TRACT	ACH-000011
540	CVCL_3517	HPAC_PANCREAS	ACH-000270
541	CVCL_1069	ALLPO_HAEMATOPOIETIC_AND_LYMPHOID_TISSUE	ACH-002209
542	CVCL_1374	LC41_HAEMATOPOIETIC_AND_LYMPHOID_TISSUE	ACH-002267
543	CVCL_1662	RMGI_OVARY	ACH-000719
544	CVCL_X485	CHSA8926_BONE	ACH-002094
545	CVCL_1870	MEC1_HAEMATOPOIETIC_AND_LYMPHOID_TISSUE	ACH-000405
546	CVCL_1591	NCIH82_LUNG	ACH-000355
547	CVCL_0216	CMK_HAEMATOPOIETIC_AND_LYMPHOID_TISSUE	ACH-000641
548	CVCL_X483	CHSA0011_BONE	ACH-002092
549	CVCL_1400	MDAMB175VII_BREAST	ACH-000759
550	CVCL_0371	KATOIII_STOMACH	ACH-000793
551	CVCL_1287	HSC2_UPPER_AERODIGESTIVE_TRACT	ACH-000472
552	CVCL_1770	TGBC24TKB_BILIARY_TRACT	ACH-002312
553	CVCL_2787	JHH4_LIVER	ACH-000476
554	CVCL_0532	SKOV3_OVARY	ACH-000811
555	CVCL_1417	MKN7_STOMACH	ACH-000678
556	CVCL_A464	H3118_UPPER_AERODIGESTIVE_TRACT	ACH-002239
557	CVCL_X508	STS0421_SOFT_TISSUE	ACH-002306
558	CVCL_3004	KP2_PANCREAS	ACH-000281
559	CVCL_2785	JHH1_LIVER	ACH-000620
560	CVCL_1106	CAL148_BREAST	ACH-000902
561	CVCL_1624	ONS76_CENTRAL_NERVOUS_SYSTEM	ACH-000776
562	CVCL_1073	ATN1_HAEMATOPOIETIC_AND_LYMPHOID_TISSUE	ACH-002058
563	CVCL_1410	MHHCALL4_HAEMATOPOIETIC_AND_LYMPHOID_TISSUE	ACH-000156
564	CVCL_1391	LU165_LUNG	ACH-002077
565	CVCL_1734	SW982_SOFT_TISSUE	ACH-001274
566	CVCL_1338	KP4_PANCREAS	ACH-000265
567	CVCL_0580	WM35_SKIN	ACH-002207
568	CVCL_1201	ES5_BONE	ACH-002106
569	CVCL_0374	KG1_HAEMATOPOIETIC_AND_LYMPHOID_TISSUE	ACH-000386
570	CVCL_5080	SNU626_CENTRAL_NERVOUS_SYSTEM	ACH-000370
571	CVCL_0042	U2OS_BONE	ACH-000364
572	CVCL_2805	JHH7_LIVER	ACH-000848
573	CVCL_1525	NCIH209_LUNG	ACH-000290
574	CVCL_2308	BICR16_UPPER_AERODIGESTIVE_TRACT	ACH-000503
575	CVCL_1096	C2BBE1_LARGE_INTESTINE	ACH-000009
576	CVCL_0388	LAMA84_HAEMATOPOIETIC_AND_LYMPHOID_TISSUE	ACH-000301
577	CVCL_1279	HGC27_STOMACH	ACH-000847
578	CVCL_1846	PATU8988S_PANCREAS	ACH-000022
579	CVCL_4613	BDCM_HAEMATOPOIETIC_AND_LYMPHOID_TISSUE	ACH-000080
580	CVCL_1808	CAL29_URINARY_TRACT	ACH-000142
581	CVCL_2526	HUNS1_HAEMATOPOIETIC_AND_LYMPHOID_TISSUE	ACH-000829
582	CVCL_1654	RERFLCKJ_LUNG	ACH-000482
583	None	SW954_VULVA	None
584	CVCL_1454	NCIH1092_LUNG	ACH-000514
585	CVCL_1603	NCIN87_STOMACH	ACH-000427
586	CVCL_5003	SNU1040_LARGE_INTESTINE	ACH-000999
587	CVCL_1608	NMCG1_CENTRAL_NERVOUS_SYSTEM	ACH-000200
588	CVCL_5006	SNU1076_UPPER_AERODIGESTIVE_TRACT	ACH-000549
589	CVCL_3613	TOV21G_OVARY	ACH-000885
590	CVCL_1202	ES6_BONE	ACH-002107
591	CVCL_5880	RCCJW_KIDNEY	ACH-002191
592	CVCL_1762	TE12_OESOPHAGUS	ACH-002311
593	CVCL_1594	NCIH838_LUNG	ACH-000416
594	CVCL_1721	SW1710_URINARY_TRACT	ACH-000566
595	CVCL_2984	KMRC2_KIDNEY	ACH-000709
596	CVCL_1596	NCIH847_LUNG	ACH-001365
597	CVCL_1062	A3KAW_HAEMATOPOIETIC_AND_LYMPHOID_TISSUE	ACH-000697
598	CVCL_5131	HCC2279_LUNG	ACH-000731
599	CVCL_1806	AMO1_HAEMATOPOIETIC_AND_LYMPHOID_TISSUE	ACH-000838
600	CVCL_1196	EM2_HAEMATOPOIETIC_AND_LYMPHOID_TISSUE	ACH-000295
601	CVCL_1666	RPMI7951_SKIN	ACH-000348
602	CVCL_2930	HEC59_ENDOMETRIUM	ACH-000994
603	CVCL_0036	RT4_URINARY_TRACT	ACH-000242
604	CVCL_3156	RKN_SOFT_TISSUE	ACH-000505
605	CVCL_0539	SUDHL4_HAEMATOPOIETIC_AND_LYMPHOID_TISSUE	ACH-000365
606	CVCL_0337	HUT78_HAEMATOPOIETIC_AND_LYMPHOID_TISSUE	ACH-000509
607	CVCL_2856	ASH3_THYROID	ACH-001443
608	CVCL_0324	HUCCT1_BILIARY_TRACT	ACH-000976
609	CVCL_0008	DAUDI_HAEMATOPOIETIC_AND_LYMPHOID_TISSUE	ACH-000786
610	CVCL_1289	HSC4_UPPER_AERODIGESTIVE_TRACT	ACH-000546
611	CVCL_1396	MC1010_HAEMATOPOIETIC_AND_LYMPHOID_TISSUE	ACH-002390
612	CVCL_5007	SNU1077_ENDOMETRIUM	ACH-000302
613	CVCL_5126	HCC1171_LUNG	ACH-000578
614	CVCL_1311	ISTMES1_PLEURA	ACH-000569
615	CVCL_2799	KNS81_CENTRAL_NERVOUS_SYSTEM	ACH-000479
616	CVCL_1114	CAL851_BREAST	ACH-000857
617	CVCL_1185	EB3_HAEMATOPOIETIC_AND_LYMPHOID_TISSUE	ACH-002236
618	CVCL_0007	U937_HAEMATOPOIETIC_AND_LYMPHOID_TISSUE	ACH-000406
619	CVCL_2235	VCAP_PROSTATE	ACH-000115
620	CVCL_3001	KON_UPPER_AERODIGESTIVE_TRACT	ACH-001542
621	CVCL_1088	BL70_HAEMATOPOIETIC_AND_LYMPHOID_TISSUE	ACH-000402
622	CVCL_1057	A101D_SKIN	ACH-000008
623	CVCL_1866	KOPN8_HAEMATOPOIETIC_AND_LYMPHOID_TISSUE	ACH-001106
624	CVCL_1075	BALL1_HAEMATOPOIETIC_AND_LYMPHOID_TISSUE	ACH-002211
625	CVCL_2149	OCIM1_HAEMATOPOIETIC_AND_LYMPHOID_TISSUE	ACH-000751
626	CVCL_8784	K029AX_SKIN	ACH-000404
627	CVCL_1809	CAL78_BONE	ACH-000516
628	CVCL_C184	PCI15A_UPPER_AERODIGESTIVE_TRACT	ACH-002294
629	CVCL_1331	KM12_LARGE_INTESTINE	ACH-000969
630	CVCL_5005	SNU1066_UPPER_AERODIGESTIVE_TRACT	ACH-000682
631	CVCL_1797	YT_HAEMATOPOIETIC_AND_LYMPHOID_TISSUE	ACH-002317
632	CVCL_1058	A204_SOFT_TISSUE	ACH-000201
633	CVCL_1435	MZ2MEL_SKIN	ACH-002165
634	CVCL_2672	OV17R_OVARY	ACH-001373
635	CVCL_0392	LN18_CENTRAL_NERVOUS_SYSTEM	ACH-000819
636	CVCL_4655	JHUEM1_ENDOMETRIUM	ACH-000928
637	CVCL_1490	NCIH1703_LUNG	ACH-000747
638	CVCL_5008	SNU1079_BILIARY_TRACT	ACH-000209
639	CVCL_3035	MYM12_HAEMATOPOIETIC_AND_LYMPHOID_TISSUE	ACH-002276
640	CVCL_1769	TGBC1TKB_BILIARY_TRACT	ACH-001861
641	CVCL_0632	SW948_LARGE_INTESTINE	ACH-000680
642	CVCL_1239	H4_CENTRAL_NERVOUS_SYSTEM	ACH-000389
643	CVCL_0629	SKLU1_LUNG	ACH-000309
644	CVCL_1194	EHEB_HAEMATOPOIETIC_AND_LYMPHOID_TISSUE	ACH-000038
645	CVCL_3172	SUIT2_PANCREAS	ACH-000652
646	CVCL_1958	BC3C_URINARY_TRACT	ACH-000593
647	CVCL_1472	NCIH1437_LUNG	ACH-000589
648	CVCL_0418	MDAMB453_BREAST	ACH-000910
649	CVCL_1259	HCC1954_BREAST	ACH-000859
650	CVCL_1690	SF295_CENTRAL_NERVOUS_SYSTEM	ACH-000376
651	CVCL_1448	NB69_AUTONOMIC_GANGLIA	ACH-002083
652	CVCL_1409	MHHCALL2_HAEMATOPOIETIC_AND_LYMPHOID_TISSUE	ACH-000020
653	CVCL_1119	CFPAC1_PANCREAS	ACH-000138
654	CVCL_8788	SNU1272_KIDNEY	ACH-000513
655	CVCL_1371	LB996RCC_KIDNEY	ACH-002155
656	CVCL_1414	MJ_HAEMATOPOIETIC_AND_LYMPHOID_TISSUE	ACH-000077
657	CVCL_3178	TCCPAN2_PANCREAS	ACH-000502
658	CVCL_1779	UACC257_SKIN	ACH-000579
659	CVCL_2985	KMRC3_KIDNEY	ACH-000313
660	CVCL_8067	T3M10_LUNG	ACH-000813
661	CVCL_2927	HEC251_ENDOMETRIUM	ACH-000996
662	CVCL_1389	LU135_LUNG	ACH-001549
663	CVCL_1692	SH4_SKIN	ACH-000441
664	CVCL_2679	PECAPJ34CLONEC12_UPPER_AERODIGESTIVE_TRACT	ACH-000606
665	CVCL_2673	OV56_OVARY	ACH-000091
666	CVCL_1382	LS1034_LARGE_INTESTINE	ACH-000252
667	CVCL_1235	GP5D_LARGE_INTESTINE	ACH-001345
668	CVCL_1323	KALS1_CENTRAL_NERVOUS_SYSTEM	ACH-000231
669	CVCL_0393	LN229_CENTRAL_NERVOUS_SYSTEM	ACH-000595
670	CVCL_3167	SKN_ENDOMETRIUM	ACH-001655
671	CVCL_0547	SW620_LARGE_INTESTINE	ACH-000651
672	CVCL_2620	MORCPR_LUNG	ACH-000851
673	CVCL_1980	CL34_LARGE_INTESTINE	ACH-000895
674	CVCL_1978	CL11_LARGE_INTESTINE	ACH-000249
675	CVCL_1383	LS123_LARGE_INTESTINE	ACH-000501
676	CVCL_0419	MDAMB468_BREAST	ACH-000849
677	CVCL_1177	DMS53_LUNG	ACH-000698
678	CVCL_0026	CAPAN2_PANCREAS	ACH-000107
679	CVCL_1613	NY_BONE	ACH-002178
680	CVCL_1337	KOSC2_UPPER_AERODIGESTIVE_TRACT	ACH-002260
681	CVCL_2416	CORL51_LUNG	ACH-001047
682	CVCL_1790	VMRCRCW_KIDNEY	ACH-000484
683	CVCL_1670	RT112_URINARY_TRACT	ACH-000473
684	CVCL_5100	SNU840_OVARY	ACH-000280
685	CVCL_0530	SKNMC_BONE	ACH-000039
686	CVCL_1481	NCIH1623_LUNG	ACH-000744
687	CVCL_1048	639V_URINARY_TRACT	ACH-000973
688	CVCL_8823	NB6_AUTONOMIC_GANGLIA	ACH-002284
689	CVCL_1631	P30OHK_HAEMATOPOIETIC_AND_LYMPHOID_TISSUE	ACH-002059
690	CVCL_0379	KU812_HAEMATOPOIETIC_AND_LYMPHOID_TISSUE	ACH-000074
691	None	CROAP3	None
692	CVCL_1785	VAESBJ_SOFT_TISSUE	ACH-001702
693	CVCL_0012	LP1_HAEMATOPOIETIC_AND_LYMPHOID_TISSUE	ACH-000204
694	CVCL_6748	PK45H_PANCREAS	ACH-000468
695	CVCL_1055	A427_LUNG	ACH-000757
696	CVCL_1426	MONOMAC6_HAEMATOPOIETIC_AND_LYMPHOID_TISSUE	ACH-000006
697	CVCL_3177	TASK1_CENTRAL_NERVOUS_SYSTEM	ACH-001670
698	CVCL_2923	HEC108_ENDOMETRIUM	ACH-000990
699	CVCL_0479	PA1_OVARY	ACH-001374
700	CVCL_1113	CAL72_BONE	ACH-001715
701	CVCL_1220	G361_SKIN	ACH-000572
702	None	RH1_SOFT_TISSUE	None
703	CVCL_0294	HEC1B_ENDOMETRIUM	ACH-000941
704	CVCL_1038	HS940T_FIBROBLAST	ACH-000135
705	CVCL_5137	HCC95_LUNG	ACH-000454
706	CVCL_2743	UMUC1_URINARY_TRACT	ACH-000834
707	CVCL_1415	MKN1_STOMACH	ACH-000351
708	CVCL_1561	NCIH441_LUNG	ACH-000638
709	CVCL_1645	QIMRWIL_HAEMATOPOIETIC_AND_LYMPHOID_TISSUE	ACH-002299
710	CVCL_1609	NOMO1_HAEMATOPOIETIC_AND_LYMPHOID_TISSUE	ACH-000168
711	CVCL_1413	MHHPREB1_HAEMATOPOIETIC_AND_LYMPHOID_TISSUE	ACH-002272
712	CVCL_0099	SNU1_STOMACH	ACH-000932
713	CVCL_1399	MC116_HAEMATOPOIETIC_AND_LYMPHOID_TISSUE	ACH-000583
714	CVCL_0201	CAOV3_OVARY	ACH-000713
715	CVCL_1321	KO52_HAEMATOPOIETIC_AND_LYMPHOID_TISSUE	ACH-000498
716	CVCL_0445	MEWO_SKIN	ACH-000987
717	CVCL_1489	NCIH1694_LUNG	ACH-000431
718	CVCL_1251	HCC1419_BREAST	ACH-000277
719	CVCL_1789	VMRCMELG_SKIN	ACH-001704
720	None	RF48_STOMACH	None
721	CVCL_1501	NCIH187_LUNG	ACH-001136
722	CVCL_1713	SUPB8_HAEMATOPOIETIC_AND_LYMPHOID_TISSUE	ACH-002308
723	CVCL_0179	BT474_BREAST	ACH-000927
724	CVCL_1128	COLO668_LUNG	ACH-000803
725	CVCL_1494	NCIH1781_LUNG	ACH-000379
726	CVCL_3768	OV90_OVARY	ACH-000291
727	CVCL_2213	TC71_BONE	ACH-000424
728	CVCL_1083	BFTC905_URINARY_TRACT	ACH-000802
729	CVCL_2520	HT115_LARGE_INTESTINE	ACH-000986
730	CVCL_0618	MDAMB157_BREAST	ACH-000621
731	CVCL_2218	TT2609C02_THYROID	ACH-000716
732	CVCL_1340	KPNSI9S_AUTONOMIC_GANGLIA	ACH-000446
733	CVCL_2193	SISO_CERVIX	ACH-001650
734	CVCL_1640	PC14_LUNG	ACH-000030
735	CVCL_1094	C33A_CERVIX	ACH-001333
736	CVCL_1556	NCIH322_LUNG	ACH-000837
737	CVCL_1243	HC1_HAEMATOPOIETIC_AND_LYMPHOID_TISSUE	ACH-002242
738	CVCL_1188	ECC10_STOMACH	ACH-000560
739	CVCL_1359	KYSE220_OESOPHAGUS	ACH-002263
740	CVCL_1206	ETK1_BILIARY_TRACT	ACH-002237
741	CVCL_3114	OVSAHO_OVARY	ACH-000409
742	CVCL_1516	NCIH2029_LUNG	ACH-000298
743	CVCL_0485	PLCPRF5_LIVER	ACH-001318
744	CVCL_2994	KMS28BM_HAEMATOPOIETIC_AND_LYMPHOID_TISSUE	ACH-000419
745	CVCL_5081	SNU668_STOMACH	ACH-000344
746	CVCL_1650	REH_HAEMATOPOIETIC_AND_LYMPHOID_TISSUE	ACH-000960
747	CVCL_1485	NCIH1666_LUNG	ACH-000448
748	CVCL_0022	U87MG_CENTRAL_NERVOUS_SYSTEM	ACH-000075
749	CVCL_2124	MOLP8_HAEMATOPOIETIC_AND_LYMPHOID_TISSUE	ACH-000745
750	CVCL_1109	CAL39_VULVA	ACH-002091
751	CVCL_1336	KNS81FD_CENTRAL_NERVOUS_SYSTEM	ACH-002259
752	CVCL_1726	SW684_SOFT_TISSUE	ACH-002309
753	CVCL_1812	EFM192A_BREAST	ACH-000117
754	CVCL_3082	NUGC4_STOMACH	ACH-000674
755	CVCL_0504	RKO_LARGE_INTESTINE	ACH-000943
756	CVCL_1097	C32_SKIN	ACH-000580
757	CVCL_0023	A549_LUNG	ACH-000681
758	CVCL_0400	M059J_CENTRAL_NERVOUS_SYSTEM	ACH-001118
759	CVCL_1781	UACC812_BREAST	ACH-000568
760	CVCL_0631	SKNEP1_BONE	ACH-001192
761	CVCL_1327	KE37_HAEMATOPOIETIC_AND_LYMPHOID_TISSUE	ACH-000101
762	CVCL_1193	EGI1_BILIARY_TRACT	ACH-001494
763	CVCL_2788	JHH6_LIVER	ACH-000217
764	CVCL_2791	MKN74_STOMACH	ACH-000758
765	CVCL_3509	ES2_OVARY	ACH-000906
766	CVCL_8147	L33_PANCREAS	ACH-000685
767	CVCL_1130	COLO679_SKIN	ACH-000805
768	CVCL_M471	PCI38_UPPER_AERODIGESTIVE_TRACT	ACH-002296
769	CVCL_1229	GCT_SOFT_TISSUE	ACH-000835
770	CVCL_1606	NH6_AUTONOMIC_GANGLIA	ACH-000203
771	CVCL_6809	WM983B_SKIN	ACH-000765
772	CVCL_2122	MOLM6_HAEMATOPOIETIC_AND_LYMPHOID_TISSUE	ACH-000321
773	CVCL_1495	NCIH1792_LUNG	ACH-000496
774	CVCL_0600	SKMEL31_SKIN	ACH-000640
775	CVCL_1469	NCIH1417_LUNG	ACH-001591
776	CVCL_1510	NCIH1963_LUNG	ACH-000729
777	CVCL_1572	NCIH630_LARGE_INTESTINE	ACH-002287
778	CVCL_2582	LUDLU1_LUNG	ACH-000390
779	CVCL_1595	NCIH841_LUNG	ACH-000292
780	CVCL_3160	SAT_UPPER_AERODIGESTIVE_TRACT	ACH-001641
781	CVCL_1379	LNCAPCLONEFGC_PROSTATE	ACH-000977
782	CVCL_1735	SUDHL5_HAEMATOPOIETIC_AND_LYMPHOID_TISSUE	ACH-000660
783	CVCL_1649	RD_SOFT_TISSUE	ACH-000169
784	CVCL_0630	SKMES1_LUNG	ACH-000665
785	CVCL_2418	CORL95_LUNG	ACH-000743
786	CVCL_0271	GEO_LARGE_INTESTINE	ACH-002394
787	CVCL_0024	SCLC21H_LUNG	ACH-000659
788	CVCL_3302	FARAGE_HAEMATOPOIETIC_AND_LYMPHOID_TISSUE	ACH-001498
789	CVCL_1102	CA922_UPPER_AERODIGESTIVE_TRACT	ACH-002043
790	CVCL_0209	CESS_HAEMATOPOIETIC_AND_LYMPHOID_TISSUE	ACH-002218
791	CVCL_1265	HCC2935_LUNG	ACH-000150
792	CVCL_0004	K562_HAEMATOPOIETIC_AND_LYMPHOID_TISSUE	ACH-000551
793	CVCL_1376	LCLC97TM1_LUNG	ACH-000596
794	CVCL_1765	TE6_OESOPHAGUS	ACH-000605
795	CVCL_2057	HCC15_LUNG	ACH-000878
796	CVCL_0475	OVCA433_OVARY	ACH-002182
797	CVCL_0553	T47D_BREAST	ACH-000147
798	CVCL_1577	NCIH661_LUNG	ACH-000853
799	CVCL_1314	ISTSL2_LUNG	ACH-002145
800	CVCL_0542	SW13_ADRENAL_CORTEX	ACH-001401
801	CVCL_1441	NB10_AUTONOMIC_GANGLIA	ACH-002278
802	CVCL_1334	KMS12BM_HAEMATOPOIETIC_AND_LYMPHOID_TISSUE	ACH-000380
803	CVCL_0326	HEP3B217_LIVER	ACH-000625
804	CVCL_1155	D283MED_CENTRAL_NERVOUS_SYSTEM	ACH-000055
805	CVCL_1559	NCIH358_LUNG	ACH-000860
806	CVCL_1730	SW872_SOFT_TISSUE	ACH-002310
807	CVCL_5034	SNU213_PANCREAS	ACH-000266
808	CVCL_1462	NCIH1304_LUNG	ACH-002169
809	CVCL_1134	COLO792_SKIN	ACH-000968
810	CVCL_3840	LI7_LIVER	ACH-000471
811	CVCL_2210	SUPT11_HAEMATOPOIETIC_AND_LYMPHOID_TISSUE	ACH-000122
812	CVCL_2971	KG1C_CENTRAL_NERVOUS_SYSTEM	ACH-000126
813	CVCL_1635	PANC0327_PANCREAS	ACH-000139
814	CVCL_2993	KMS27_HAEMATOPOIETIC_AND_LYMPHOID_TISSUE	ACH-000576
815	CVCL_1483	NCIH1650_LUNG	ACH-000035
816	CVCL_1286	HOP92_LUNG	ACH-000825
817	CVCL_1679	SBC5_LUNG	ACH-000670
818	CVCL_1512	NCIH1993_LUNG	ACH-001137
819	CVCL_2909	G292CLONEA141B1_BONE	ACH-000082
820	CVCL_2786	JHH2_LIVER	ACH-000577
821	CVCL_1066	ABC1_LUNG	ACH-000528
822	CVCL_1503	NCIH1876_LUNG	ACH-000586
823	CVCL_2438	DMS454_LUNG	ACH-000844
824	CVCL_1203	ES7_BONE	ACH-002108
825	CVCL_0131	A172_CENTRAL_NERVOUS_SYSTEM	ACH-000558
826	CVCL_5098	SNU81_LARGE_INTESTINE	ACH-000991
827	CVCL_2798	KNS60_CENTRAL_NERVOUS_SYSTEM	ACH-000445
828	CVCL_1656	RERFLCSQ1_LUNG	ACH-000442
829	CVCL_1059	A2058_SKIN	ACH-000788
830	CVCL_4640	JHOC5_OVARY	ACH-000324
831	CVCL_3086	OSC19_UPPER_AERODIGESTIVE_TRACT	ACH-001625
832	CVCL_0525	SKHEP1_LIVER	ACH-000361
833	CVCL_5038	SNU245_BILIARY_TRACT	ACH-000268
834	CVCL_2949	HMC18_BREAST	ACH-000721
835	CVCL_1294	HT55_LARGE_INTESTINE	ACH-000926
836	CVCL_1551	NCIH2405_LUNG	ACH-000121
837	CVCL_1387	LU134A_LUNG	ACH-002051
838	CVCL_1705	SN12C_KIDNEY	ACH-002199
839	CVCL_3775	PWR1E_PROSTATE	ACH-001383
840	CVCL_1054	8505C_THYROID	ACH-001307
841	CVCL_1508	NCIH1944_LUNG	ACH-000414
842	CVCL_1667	RPMI8402_HAEMATOPOIETIC_AND_LYMPHOID_TISSUE	ACH-000636
843	CVCL_2996	KMS34_HAEMATOPOIETIC_AND_LYMPHOID_TISSUE	ACH-000541
844	CVCL_5078	SNU61_LARGE_INTESTINE	ACH-000532
845	CVCL_1798	42MGBA_CENTRAL_NERVOUS_SYSTEM	ACH-000323
846	CVCL_0297	HEY_OVARY	ACH-002140
847	CVCL_1522	NCIH2081_LUNG	ACH-000394
848	CVCL_1352	KYSE410_OESOPHAGUS	ACH-000809
849	CVCL_1616	OC314_OVARY	ACH-000962
850	CVCL_0333	HS746T_STOMACH	ACH-000616
851	CVCL_1105	CAL12T_LUNG	ACH-000826
852	CVCL_2045	FLO1_OESOPHAGUS	ACH-001500
853	CVCL_1225	GAK_SKIN	ACH-002120
854	CVCL_1350	KYSE270_OESOPHAGUS	ACH-000873
855	CVCL_3216	TK_HAEMATOPOIETIC_AND_LYMPHOID_TISSUE	ACH-002313
856	CVCL_1845	PATU8902_PANCREAS	ACH-000599
857	CVCL_T023	CS1_BONE	ACH-002099
858	CVCL_0132	A375_SKIN	ACH-000219
859	CVCL_1076	BB30HNC_UPPER_AERODIGESTIVE_TRACT	ACH-002212
860	CVCL_1823	KARPAS620_HAEMATOPOIETIC_AND_LYMPHOID_TISSUE	ACH-000193
861	CVCL_1317	JIYOYEP2003_HAEMATOPOIETIC_AND_LYMPHOID_TISSUE	ACH-002252
862	CVCL_1982	CL40_LARGE_INTESTINE	ACH-000798
863	CVCL_5879	RCCJF_KIDNEY	ACH-002190
864	CVCL_1484	NCIH1651_LUNG	ACH-000893
865	CVCL_1368	LB647SCLC_LUNG	ACH-002154
866	CVCL_8930	YD15_SALIVARY_GLAND	ACH-000836
867	CVCL_1325	KARPAS422_HAEMATOPOIETIC_AND_LYMPHOID_TISSUE	ACH-000315
868	CVCL_0334	HS766T_PANCREAS	ACH-000178
869	CVCL_1648	RCM1_LARGE_INTESTINE	ACH-000565
870	CVCL_3935	OVCA420_OVARY	ACH-002181
871	CVCL_C171	PCI4B_UPPER_AERODIGESTIVE_TRACT	ACH-002297
872	CVCL_1143	CP50MELB_SKIN	ACH-002096
873	CVCL_2096	L1236_HAEMATOPOIETIC_AND_LYMPHOID_TISSUE	ACH-000702
874	CVCL_1070	AM38_CENTRAL_NERVOUS_SYSTEM	ACH-000269
875	CVCL_1291	HT1197_URINARY_TRACT	ACH-000547
876	CVCL_0021	U251MG_CENTRAL_NERVOUS_SYSTEM	ACH-000232
877	CVCL_1438	MALME3M_SKIN	ACH-000477
878	CVCL_0397	LS180_LARGE_INTESTINE	ACH-000957
879	CVCL_1267	HCC38_BREAST	ACH-000276
880	None	HUH6CLONE5	None
881	CVCL_1544	NCIH226_LUNG	ACH-000367
882	CVCL_1529	NCIH211_LUNG	ACH-000639
883	CVCL_1676	SBC1_LUNG	ACH-002196
884	CVCL_1440	NB1_AUTONOMIC_GANGLIA	ACH-000804
885	CVCL_0548	SAOS2_BONE	ACH-000410
886	CVCL_0622	MDAMB435S_SKIN	ACH-000884
887	CVCL_1668	RPMI8866_HAEMATOPOIETIC_AND_LYMPHOID_TISSUE	ACH-002302
888	CVCL_0236	CALU6_LUNG	ACH-000264
889	CVCL_1720	SW1573_LUNG	ACH-000677
890	CVCL_1641	PF382_HAEMATOPOIETIC_AND_LYMPHOID_TISSUE	ACH-000937
891	CVCL_1881	OCILY7_HAEMATOPOIETIC_AND_LYMPHOID_TISSUE	ACH-001617
892	CVCL_3084	OCUM1_STOMACH	ACH-000247
893	CVCL_0582	RO82W1_THYROID	ACH-001384
894	CVCL_2955	HUH28_BILIARY_TRACT	ACH-000808
895	CVCL_1587	NCIH747_LARGE_INTESTINE	ACH-000403
896	CVCL_1140	CORL279_LUNG	ACH-000257
897	CVCL_1200	ES4_BONE	ACH-002105
898	CVCL_1759	TE1_OESOPHAGUS	ACH-000647
899	CVCL_2086	JURLMK1_HAEMATOPOIETIC_AND_LYMPHOID_TISSUE	ACH-000326
900	CVCL_2614	MOGGUVW_CENTRAL_NERVOUS_SYSTEM	ACH-001126
901	CVCL_1558	NCIH345_LUNG	ACH-001364
902	CVCL_1313	ISTSL1_LUNG	ACH-002144
903	CVCL_5129	HCC1833_LUNG	ACH-000712
904	CVCL_1715	SW1088_CENTRAL_NERVOUS_SYSTEM	ACH-000437
905	CVCL_0318	HT144_SKIN	ACH-000322
906	CVCL_1160	D423MG_CENTRAL_NERVOUS_SYSTEM	ACH-002228
907	CVCL_0153	BCPAP_THYROID	ACH-000456
908	CVCL_1222	GA10_HAEMATOPOIETIC_AND_LYMPHOID_TISSUE	ACH-000162
909	CVCL_1170	DEL_HAEMATOPOIETIC_AND_LYMPHOID_TISSUE	ACH-000233
910	CVCL_A532	H2369_PLEURA	ACH-002123
911	CVCL_0134	A2780_OVARY	ACH-000657
912	CVCL_2036	ESO51_OESOPHAGUS	ACH-001497
913	CVCL_W798	GMEL_SKIN	ACH-002121
914	CVCL_3075	NO10_CENTRAL_NERVOUS_SYSTEM	ACH-001605
915	CVCL_5010	SNU1105_CENTRAL_NERVOUS_SYSTEM	ACH-000368
916	CVCL_3088	OUMS23_LARGE_INTESTINE	ACH-000296
917	CVCL_1304	IGROV1_OVARY	ACH-000966
918	CVCL_1724	SW48_LARGE_INTESTINE	ACH-000958
919	CVCL_1390	LU139_LUNG	ACH-002052
920	CVCL_5069	SNU489_CENTRAL_NERVOUS_SYSTEM	ACH-000543
921	CVCL_1406	MFE296_ENDOMETRIUM	ACH-000879
922	CVCL_X487	EMCBAC2_LUNG	ACH-002102
923	CVCL_1115	CAMA1_BREAST	ACH-000783
924	CVCL_1198	ES1_BONE	ACH-002103
925	CVCL_2583	MCC13_SKIN	ACH-001550
926	CVCL_2676	P3HR1_HAEMATOPOIETIC_AND_LYMPHOID_TISSUE	ACH-000707
927	CVCL_1137	COLO829_SKIN	ACH-000644
928	CVCL_2061	HCC78_LUNG	ACH-000562
929	CVCL_1537	NCIH2172_LUNG	ACH-000924
930	CVCL_1539	NCIH2196_LUNG	ACH-000399
931	CVCL_1199	ES3_BONE	ACH-002104
932	CVCL_2961	IM95_STOMACH	ACH-000919
933	CVCL_1562	NCIH446_LUNG	ACH-000800
934	CVCL_0037	A431_SKIN	ACH-001328
935	CVCL_1167	DAOY_CENTRAL_NERVOUS_SYSTEM	ACH-000211
936	CVCL_2989	KMS11_HAEMATOPOIETIC_AND_LYMPHOID_TISSUE	ACH-000714
937	None	S117_SOFT_TISSUE	None
938	CVCL_1771	TGW_AUTONOMIC_GANGLIA	ACH-001674
939	CVCL_8787	WM793_SKIN	ACH-000827
940	CVCL_0832	HS633T_SOFT_TISSUE	ACH-002246
941	CVCL_1622	OE19_OESOPHAGUS	ACH-000679
942	CVCL_0077	SNU398_LIVER	ACH-000221
943	CVCL_1051	786O_KIDNEY	ACH-000649
944	CVCL_1794	YAPC_PANCREAS	ACH-000332
945	CVCL_2110	ME1_HAEMATOPOIETIC_AND_LYMPHOID_TISSUE	ACH-000439
946	CVCL_1689	SF268_CENTRAL_NERVOUS_SYSTEM	ACH-000655
947	CVCL_0060	NCIH1299_LUNG	ACH-000510
948	CVCL_1063	A388_SKIN	ACH-001442
949	CVCL_1261	HCC2157_BREAST	ACH-000691
950	CVCL_1228	GCIY_STOMACH	ACH-000047
951	CVCL_1729	SW837_LARGE_INTESTINE	ACH-000421
952	CVCL_0253	EFM19_BREAST	ACH-000330
953	CVCL_1363	LAN6_AUTONOMIC_GANGLIA	ACH-001355
954	CVCL_8800	OCILY3_HAEMATOPOIETIC_AND_LYMPHOID_TISSUE	ACH-000158
955	CVCL_1295	HTCC3_THYROID	ACH-001350
956	CVCL_1783	UMUC3_URINARY_TRACT	ACH-000522
957	CVCL_1685	SCC9_UPPER_AERODIGESTIVE_TRACT	ACH-000181
958	CVCL_1583	NCIH720_LUNG	ACH-002174
959	CVCL_1104	CAL120_BREAST	ACH-000212
960	CVCL_1328	KINGS1_CENTRAL_NERVOUS_SYSTEM	ACH-002257
961	CVCL_1299	HUPT3_PANCREAS	ACH-000118
962	CVCL_1132	COLO684_ENDOMETRIUM	ACH-000864
963	CVCL_2929	HEC50B_ENDOMETRIUM	ACH-000831
964	CVCL_X505	NCC010_KIDNEY	ACH-002167
965	CVCL_2686	PEO1_OVARY	ACH-001630
966	CVCL_1144	CP66MEL_SKIN	ACH-002097
967	CVCL_1335	KNS62_LUNG	ACH-000858
968	CVCL_2195	SKGT4_OESOPHAGUS	ACH-001654
969	CVCL_0620	MDAMB361_BREAST	ACH-000934
970	CVCL_1471	NCIH1436_LUNG	ACH-000830
971	CVCL_1703	SKPNDW_BONE	ACH-001193
972	CVCL_2307	BICR10_UPPER_AERODIGESTIVE_TRACT	ACH-001331
973	CVCL_0590	KASUMI2_HAEMATOPOIETIC_AND_LYMPHOID_TISSUE	ACH-000728
974	CVCL_1168	DB_HAEMATOPOIETIC_AND_LYMPHOID_TISSUE	ACH-000334
975	CVCL_2761	WIL2NS_HAEMATOPOIETIC_AND_LYMPHOID_TISSUE	ACH-002316
976	CVCL_1678	SBC3_LUNG	ACH-002197
977	CVCL_1694	SIGM5_HAEMATOPOIETIC_AND_LYMPHOID_TISSUE	ACH-000112
978	CVCL_1546	NCIH2291_LUNG	ACH-000718
979	CVCL_4717	PK1_PANCREAS	ACH-000307
980	CVCL_0399	LOVO_LARGE_INTESTINE	ACH-000950
981	CVCL_1053	8305C_THYROID	ACH-001306
982	CVCL_2077	JIMT1_BREAST	ACH-000711
983	CVCL_1651	RERFLCAD1_LUNG	ACH-000791
984	CVCL_1520	NCIH2066_LUNG	ACH-000727
985	CVCL_1049	647V_URINARY_TRACT	ACH-000896
986	CVCL_3946	SNU216_STOMACH	ACH-000466
987	CVCL_1240	H9_HAEMATOPOIETIC_AND_LYMPHOID_TISSUE	ACH-002240
988	CVCL_1263	HCC2218_BREAST	ACH-000755
989	CVCL_1697	SJSA1_BONE	ACH-000748
990	CVCL_3599	SCABER_URINARY_TRACT	ACH-000839
991	CVCL_1492	NCIH1755_LUNG	ACH-000282
992	CVCL_1439	MOT_HAEMATOPOIETIC_AND_LYMPHOID_TISSUE	ACH-002339
993	CVCL_1775	TUR_HAEMATOPOIETIC_AND_LYMPHOID_TISSUE	ACH-002314
994	CVCL_1156	D336MG_CENTRAL_NERVOUS_SYSTEM	ACH-002226
995	CVCL_8877	GSU_STOMACH	ACH-000485
996	CVCL_0002	HL60_HAEMATOPOIETIC_AND_LYMPHOID_TISSUE	ACH-000002
997	CVCL_1872	MINO_HAEMATOPOIETIC_AND_LYMPHOID_TISSUE	ACH-000220
998	CVCL_2035	ESO26_OESOPHAGUS	ACH-001496
999	CVCL_A555	H290_PLEURA	ACH-002136
1000	CVCL_2076	IGR39_SKIN	ACH-000550
1001	CVCL_2313	BICR56_UPPER_AERODIGESTIVE_TRACT	ACH-000771
1002	CVCL_1684	SCC4_UPPER_AERODIGESTIVE_TRACT	ACH-000238
1003	CVCL_1221	G402_SOFT_TISSUE	ACH-000375
1004	CVCL_1647	RCC10RGB_KIDNEY	ACH-000189
1005	CVCL_2319	BT483_BREAST	ACH-000818
1006	CVCL_5993	JHU029_UPPER_AERODIGESTIVE_TRACT	ACH-002251
1007	CVCL_1077	BB49HNC_UPPER_AERODIGESTIVE_TRACT	ACH-002213
1008	CVCL_1153	D247MG_CENTRAL_NERVOUS_SYSTEM	ACH-002224
1009	CVCL_4384	TMK1_STOMACH	ACH-002202
1010	CVCL_1884	REC1_HAEMATOPOIETIC_AND_LYMPHOID_TISSUE	ACH-000068
1011	CVCL_0152	ASPC1_PANCREAS	ACH-000222
1012	CVCL_1876	NUDHL1_HAEMATOPOIETIC_AND_LYMPHOID_TISSUE	ACH-000388
1013	CVCL_0364	JHH5_LIVER	ACH-000734
1014	CVCL_1695	SIMA_AUTONOMIC_GANGLIA	ACH-000099
1015	CVCL_3143	QGP1_PANCREAS	ACH-000347
1016	CVCL_0014	RPMI8226_HAEMATOPOIETIC_AND_LYMPHOID_TISSUE	ACH-000817
1017	CVCL_1236	GRST_HAEMATOPOIETIC_AND_LYMPHOID_TISSUE	ACH-002238
1018	CVCL_1455	NCIH1105_LUNG	ACH-000780
1019	CVCL_1249	HCC1395_BREAST	ACH-000699
1020	CVCL_2925	HEC151_ENDOMETRIUM	ACH-000972
1021	CVCL_5112	SNUC5_LARGE_INTESTINE	ACH-000970
1022	CVCL_2094	KPL1_BREAST	ACH-000028
1023	CVCL_A352	HCC2108_LUNG	ACH-000314
1024	CVCL_1408	MFM223_BREAST	ACH-001819
1025	CVCL_1555	NCIH28_PLEURA	ACH-000648
1026	CVCL_1332	KMOE2_HAEMATOPOIETIC_AND_LYMPHOID_TISSUE	ACH-002258
1027	CVCL_1535	NCIH2170_LUNG	ACH-000481
1028	CVCL_1238	HEMCSS_BONE	ACH-001519
1029	CVCL_1718	SW1463_LARGE_INTESTINE	ACH-000470
1030	CVCL_1716	SW1271_LUNG	ACH-000890
1031	CVCL_0234	CAKI1_KIDNEY	ACH-000433
1032	CVCL_0107	BCP1_HAEMATOPOIETIC_AND_LYMPHOID_TISSUE	ACH-000923
1033	CVCL_1427	MPP89_PLEURA	ACH-000319
1034	CVCL_1357	L363_HAEMATOPOIETIC_AND_LYMPHOID_TISSUE	ACH-000183
1035	CVCL_1349	KYSE180_OESOPHAGUS	ACH-000693
1036	CVCL_0098	SKM1_HAEMATOPOIETIC_AND_LYMPHOID_TISSUE	ACH-000373
1037	CVCL_1443	NB13_AUTONOMIC_GANGLIA	ACH-002280
1038	CVCL_0218	COLO205_LARGE_INTESTINE	ACH-001039
1039	CVCL_1568	NCIH524_LUNG	ACH-000816
1040	CVCL_1531	NCIH2122_LUNG	ACH-000311
1041	CVCL_1604	NEC8_TESTIS	ACH-002288
1042	CVCL_2208	SUPHD1_HAEMATOPOIETIC_AND_LYMPHOID_TISSUE	ACH-001203
1043	CVCL_5870	RCCER_KIDNEY	ACH-002188
1044	CVCL_1576	NCIH660_PROSTATE	ACH-000177
1045	CVCL_5873	RCCFG2_KIDNEY	ACH-002189
1046	CVCL_5105	SNU899_UPPER_AERODIGESTIVE_TRACT	ACH-000692
1047	CVCL_2956	HUH1_LIVER	ACH-000475
1048	CVCL_8824	NB7_AUTONOMIC_GANGLIA	ACH-002285
1049	CVCL_1851	RCHACV_HAEMATOPOIETIC_AND_LYMPHOID_TISSUE	ACH-000922
1050	CVCL_2972	KHM1B_HAEMATOPOIETIC_AND_LYMPHOID_TISSUE	ACH-000564
1051	CVCL_1187	ECGI10_OESOPHAGUS	ACH-000305
1052	CVCL_1307	IPC298_SKIN	ACH-000915
1053	CVCL_0544	SW1116_LARGE_INTESTINE	ACH-000489
1054	CVCL_2481	HEL9217_HAEMATOPOIETIC_AND_LYMPHOID_TISSUE	ACH-000005
1055	CVCL_1364	LB1047RCC_KIDNEY	ACH-002150
1056	CVCL_1421	MN60_HAEMATOPOIETIC_AND_LYMPHOID_TISSUE	ACH-002275
1057	CVCL_1701	SKNDZ_AUTONOMIC_GANGLIA	ACH-000366
1058	CVCL_A341	WM1799_SKIN	ACH-000661
1059	CVCL_0497	SNU475_LIVER	ACH-000422
1060	CVCL_2037	F36P_HAEMATOPOIETIC_AND_LYMPHOID_TISSUE	ACH-000487
1061	CVCL_1271	HCE4_OESOPHAGUS	ACH-002243
1062	CVCL_1288	HSC3_UPPER_AERODIGESTIVE_TRACT	ACH-000778
1063	CVCL_0064	MV411_HAEMATOPOIETIC_AND_LYMPHOID_TISSUE	ACH-000045
1064	CVCL_1698	SKMG1_CENTRAL_NERVOUS_SYSTEM	ACH-002304
1065	CVCL_0181	BV173_HAEMATOPOIETIC_AND_LYMPHOID_TISSUE	ACH-000432
1066	None	ACN	None
1067	CVCL_8795	OCILY10_HAEMATOPOIETIC_AND_LYMPHOID_TISSUE	ACH-001146
1068	CVCL_1706	SNB75_CENTRAL_NERVOUS_SYSTEM	ACH-000504
1069	CVCL_1129	COLO678_LARGE_INTESTINE	ACH-000350
1070	CVCL_0006	THP1_HAEMATOPOIETIC_AND_LYMPHOID_TISSUE	ACH-000146
1071	CVCL_4656	JHUEM2_ENDOMETRIUM	ACH-000909
1072	CVCL_1176	DMS273_LUNG	ACH-000749
1073	CVCL_0359	J82_URINARY_TRACT	ACH-000396
1074	CVCL_1345	KURAMOCHI_OVARY	ACH-000524
1075	CVCL_5065	SNU478_BILIARY_TRACT	ACH-000377
1076	CVCL_1476	NCIH1568_LUNG	ACH-000869
1077	CVCL_1131	COLO680N_OESOPHAGUS	ACH-000717
1078	CVCL_1673	RXF393_KIDNEY	ACH-002195
1079	CVCL_2063	HCC827_LUNG	ACH-000012
1080	CVCL_1652	RERFLCAD2_LUNG	ACH-000774
1081	None	MCIXC_AUTONOMIC_GANGLIA	None
1082	CVCL_0823	HS611T_HAEMATOPOIETIC_AND_LYMPHOID_TISSUE	ACH-000069
1083	CVCL_1046	2313287_STOMACH	ACH-000948
1084	CVCL_2310	BICR22_UPPER_AERODIGESTIVE_TRACT	ACH-000794
1085	CVCL_1620	OCIAML5_HAEMATOPOIETIC_AND_LYMPHOID_TISSUE	ACH-000065
1086	CVCL_6735	TM31_CENTRAL_NERVOUS_SYSTEM	ACH-000592
1087	CVCL_5160	NCIH3122_LUNG	ACH-000337
1088	CVCL_1395	M14_SKIN	ACH-002159
1089	CVCL_1465	NCIH1373_LUNG	ACH-000845
1090	CVCL_1404	MESSA_SOFT_TISSUE	ACH-000449
1091	CVCL_1430	MSTO211H_PLEURA	ACH-000335
1092	CVCL_1320	JVM3_HAEMATOPOIETIC_AND_LYMPHOID_TISSUE	ACH-000346
1093	CVCL_1655	RERFLCMS_LUNG	ACH-000062
1094	CVCL_4996	MS751_CERVIX	ACH-001360
1095	CVCL_1329	KLE_ENDOMETRIUM	ACH-000293
1096	CVCL_0628	SKLMS1_SOFT_TISSUE	ACH-000145
1097	CVCL_1173	DKMG_CENTRAL_NERVOUS_SYSTEM	ACH-000244
1098	CVCL_X484	CHSA0108_BONE	ACH-002093
1099	CVCL_1082	BEN_LUNG	ACH-000603
1100	CVCL_1151	CW2_LARGE_INTESTINE	ACH-000998
1101	CVCL_1784	UMC11_LUNG	ACH-001417
1102	CVCL_1764	TE5_OESOPHAGUS	ACH-000408
1103	CVCL_1419	MLMA_HAEMATOPOIETIC_AND_LYMPHOID_TISSUE	ACH-002274
1104	CVCL_1773	TK10_KIDNEY	ACH-001208
1105	CVCL_0235	CAKI2_KIDNEY	ACH-000234
1106	CVCL_1416	MKN28_STOMACH	ACH-002161
1107	CVCL_1189	ECC12_STOMACH	ACH-000225
1108	CVCL_4846	HUG1N_STOMACH	ACH-000239
1109	CVCL_2588	MDST8_LARGE_INTESTINE	ACH-000935
1110	CVCL_1818	GRANTA519_HAEMATOPOIETIC_AND_LYMPHOID_TISSUE	ACH-000073
1111	CVCL_C757	PCI30_UPPER_AERODIGESTIVE_TRACT	ACH-002295
1112	CVCL_0290	HCC1937_BREAST	ACH-000223
1113	CVCL_1821	KARPAS1106P_HAEMATOPOIETIC_AND_LYMPHOID_TISSUE	ACH-002254
1114	CVCL_1661	ZR7530_BREAST	ACH-000828
1115	CVCL_1997	COLO783_SKIN	ACH-000812
1116	CVCL_1659	RH18_SOFT_TISSUE	ACH-000689
1117	CVCL_1518	NCIH2052_PLEURA	ACH-000153
1118	CVCL_1195	EKVX_LUNG	ACH-000706
1119	CVCL_1139	CORL23_LUNG	ACH-000662
1120	CVCL_1270	HCC70_BREAST	ACH-000668
1121	CVCL_AT85	K2_SKIN	ACH-002147
1122	CVCL_0554	T24_URINARY_TRACT	ACH-000018
1123	CVCL_1638	PANC0813_PANCREAS	ACH-000417
1124	CVCL_X486	EMCBAC1_LUNG	ACH-002101
1125	None	BC3_HAEMATOPOIETIC_AND_LYMPHOID_TISSUE	None
1126	CVCL_1843	OACP4C_OESOPHAGUS	ACH-002292
1127	CVCL_1060	A253_SALIVARY_GLAND	ACH-000740
1128	CVCL_1498	NCIH1836_LUNG	ACH-000559
1129	CVCL_0041	SJRH30_SOFT_TISSUE	ACH-001189
1130	CVCL_0761	HS445_HAEMATOPOIETIC_AND_LYMPHOID_TISSUE	ACH-002245
1131	CVCL_1138	CORL105_LUNG	ACH-000161
1132	CVCL_1675	SAS_UPPER_AERODIGESTIVE_TRACT	ACH-002029
1133	CVCL_3015	LU99_LUNG	ACH-000444
1134	CVCL_1216	EW3_BONE	ACH-002118
1135	CVCL_1191	EFE184_ENDOMETRIUM	ACH-000435
1136	CVCL_0258	EOL1_HAEMATOPOIETIC_AND_LYMPHOID_TISSUE	ACH-000198
1137	CVCL_0040	WM115_SKIN	ACH-000304
1138	CVCL_2815	YMB1E_BREAST	ACH-002208
1139	CVCL_1092	BT549_BREAST	ACH-000288
1140	CVCL_E995	MS1_SKIN	ACH-001131
1141	CVCL_1500	NCIH1869_LUNG	ACH-000894
1142	CVCL_5063	SNU46_UPPER_AERODIGESTIVE_TRACT	ACH-000500
1143	CVCL_1380	LOUCY_HAEMATOPOIETIC_AND_LYMPHOID_TISSUE	ACH-000104
1144	CVCL_3603	SW579_THYROID	ACH-000163
1145	CVCL_1365	LB2241RCC_KIDNEY	ACH-002151
1146	CVCL_1154	D263MG_CENTRAL_NERVOUS_SYSTEM	ACH-002225
1147	CVCL_4402	RERFLCAI_LUNG	ACH-000261
1148	CVCL_1422	MOLT13_HAEMATOPOIETIC_AND_LYMPHOID_TISSUE	ACH-000795
1149	CVCL_1344	KU1919_URINARY_TRACT	ACH-000486
1150	CVCL_6357	451LU_SKIN	ACH-001002
1151	CVCL_0202	CAOV4_OVARY	ACH-000103
1152	CVCL_1293	HT3_CERVIX	ACH-001525
1153	CVCL_1543	NCIH2228_LUNG	ACH-000447
1154	CVCL_1526	NCIH2106_LUNG	ACH-000904
1155	CVCL_1470	NCIH1435_LUNG	ACH-000852
1156	CVCL_1612	NUGC3_STOMACH	ACH-000911
1157	CVCL_1147	CROAP2_HAEMATOPOIETIC_AND_LYMPHOID_TISSUE	ACH-002220
1158	CVCL_2314	BICR6_UPPER_AERODIGESTIVE_TRACT	ACH-000415
1159	CVCL_1101	CA46_HAEMATOPOIETIC_AND_LYMPHOID_TISSUE	ACH-000440
1160	CVCL_0588	ZR751_BREAST	ACH-000097
1161	CVCL_1787	VMRCLCD_LUNG	ACH-001233
1162	CVCL_7937	253JBV_URINARY_TRACT	ACH-000026
1163	CVCL_1805	ALLSIL_HAEMATOPOIETIC_AND_LYMPHOID_TISSUE	ACH-000105
1164	CVCL_1085	BHT101_THYROID	ACH-000191
1165	CVCL_0426	MG63_BONE	ACH-000359
1166	CVCL_3005	KP3_PANCREAS	ACH-000108
1167	CVCL_1232	GIMEN_AUTONOMIC_GANGLIA	ACH-001344
1168	CVCL_1536	NCIH2171_LUNG	ACH-000525
1169	CVCL_1626	OSRC2_KIDNEY	ACH-000159
1170	CVCL_1306	IMR5_AUTONOMIC_GANGLIA	ACH-002248
1171	CVCL_1036	HS939T_SKIN	ACH-000814
1172	CVCL_2047	FUOV1_OVARY	ACH-000574
1173	CVCL_1575	NCIH650_LUNG	ACH-000945
1174	CVCL_1255	HCC1569_BREAST	ACH-000930
1175	CVCL_1367	LB373MELD_SKIN	ACH-002153
1176	CVCL_X481	201T_LUNG	ACH-002089
1177	CVCL_3119	P32ISH_HAEMATOPOIETIC_AND_LYMPHOID_TISSUE	ACH-002293
1178	CVCL_1412	MHHNB11_AUTONOMIC_GANGLIA	ACH-000078
1179	CVCL_0844	HS683_CENTRAL_NERVOUS_SYSTEM	ACH-000067
1180	CVCL_2914	HARA_LUNG	ACH-000843
1181	CVCL_1607	NKM1_HAEMATOPOIETIC_AND_LYMPHOID_TISSUE	ACH-002290
1182	CVCL_5002	SNU1033_LARGE_INTESTINE	ACH-000286
1183	CVCL_5033	SNU201_CENTRAL_NERVOUS_SYSTEM	ACH-000623
1184	CVCL_1303	IGR1_SKIN	ACH-000882
1185	CVCL_1633	PANC0203_PANCREAS	ACH-000042
1186	CVCL_0009	HDLM2_HAEMATOPOIETIC_AND_LYMPHOID_TISSUE	ACH-000267
1187	CVCL_1569	NCIH526_LUNG	ACH-000767
1188	CVCL_1487	NCIH1688_LUNG	ACH-002170
1189	CVCL_1211	EW13_BONE	ACH-002113
1190	CVCL_3116	OVISE_OVARY	ACH-000527
1191	CVCL_2917	HCC56_LARGE_INTESTINE	ACH-000467
1192	CVCL_1736	TALL1_HAEMATOPOIETIC_AND_LYMPHOID_TISSUE	ACH-000197
1193	CVCL_1402	MELHO_SKIN	ACH-000450
1194	CVCL_1205	ESS1_ENDOMETRIUM	ACH-000913
1195	CVCL_1479	NCIH1581_LUNG	ACH-000015
1196	CVCL_1110	CAL51_BREAST	ACH-000856
1197	CVCL_1733	SW962_VULVA	ACH-002200
1198	CVCL_1878	OCILY19_HAEMATOPOIETIC_AND_LYMPHOID_TISSUE	ACH-000124
1199	CVCL_1136	COLO824_BREAST	ACH-001820
1200	CVCL_2050	GOS3_CENTRAL_NERVOUS_SYSTEM	ACH-000027
1201	CVCL_5031	SNU175_LARGE_INTESTINE	ACH-000989
1202	CVCL_1574	NCIH647_LUNG	ACH-000378
1203	CVCL_5957	TUHR4TKB_KIDNEY	ACH-000495
1204	CVCL_1087	BL41_HAEMATOPOIETIC_AND_LYMPHOID_TISSUE	ACH-000245
1205	CVCL_3008	LC1SQ_LUNG	ACH-002156
1206	CVCL_0527	SKMEL5_SKIN	ACH-000730
1207	CVCL_2030	EJM_HAEMATOPOIETIC_AND_LYMPHOID_TISSUE	ACH-000821
1208	CVCL_0103	SUPB15_HAEMATOPOIETIC_AND_LYMPHOID_TISSUE	ACH-000059
1209	CVCL_0434	MKN45_STOMACH	ACH-000356
1210	CVCL_1714	SUPT1_HAEMATOPOIETIC_AND_LYMPHOID_TISSUE	ACH-000953
1211	CVCL_1180	DOK_UPPER_AERODIGESTIVE_TRACT	ACH-002234
1212	CVCL_1100	CASKI_CERVIX	ACH-001336
1213	CVCL_5480	LC1SQSF_LUNG	ACH-001113
1214	CVCL_2450	GP2D_LARGE_INTESTINE	ACH-000982
1215	CVCL_0621	MDAMB415_BREAST	ACH-000876
1216	CVCL_1282	HMVII_SKIN	ACH-002040
1217	CVCL_2075	IGR37_SKIN	ACH-000650
1218	CVCL_1040	HS944T_SKIN	ACH-000632
1219	CVCL_1123	CHP126_AUTONOMIC_GANGLIA	ACH-000136
1220	CVCL_2960	IHH4_THYROID	ACH-001528
1221	CVCL_1761	TE11_OESOPHAGUS	ACH-000488
1222	CVCL_1098	C3A_LIVER	ACH-001021
1223	CVCL_0292	HCT15_LARGE_INTESTINE	ACH-000997
1224	None	WT	None
