1	NEQZWEXWOFPKOT-BYRRXHGESA-N
2	CWVMWSZEMZOUPC-RWUIUEHLSA-N
3	AYUNIORJHRXIBJ-UHFFFAOYSA-N
4	TXJZRSRTYPUYRW-NQIIRXRSSA-N
5	ZUIMAMHUQKPCBR-QHHAFSJGSA-N
6	ODKNJVUHOIMIIZ-UHFFFAOYSA-N
7	GHASVSINZRGABV-UHFFFAOYSA-N
8	DPEXRCOBPACFOO-UHFFFAOYSA-N
9	NVFRRJQWRZFDLM-UHFFFAOYSA-N
10	YWTBGJGMTBHQTM-UHFFFAOYSA-N
11	ZMNWFTYYYCSSTF-UHFFFAOYSA-N
12	PQYCRDPLPKGSME-AWEZNQCLSA-N
13	PLWROONZUDKYKG-UHFFFAOYSA-N
14	GZOSMCIZMLWJML-UHFFFAOYSA-N
15	LQBVNQSMGBZMKD-UHFFFAOYSA-N
16	JLYAXFNOILIKPP-UHFFFAOYSA-N
17	HPLNQCPCUACXLM-UHFFFAOYSA-N
18	JNAHVYVRKWKWKQ-UHFFFAOYSA-N
19	CVWXJKQAOSCOAB-UHFFFAOYSA-N
20	HXBKPYIEQLLNBK-UHFFFAOYSA-N
21	AECDBHGVIIRMOI-UHFFFAOYSA-N
22	HMABYWSNWIZPAG-UHFFFAOYSA-N
23	GFNNBHLJANVSQV-UHFFFAOYSA-N
24	SVENPFFEMUOOGK-UHFFFAOYSA-N
25	RTRQQBHATOEIAF-UHFFFAOYSA-N
26	BIWGYFZAEWGBAL-UHFFFAOYSA-N
27	ZLHFILGSQDJULK-UHFFFAOYSA-N
29	BIIVYFLTOXDAOV-YVEFUNNKSA-N
30	SZWKGOZKRMMLAJ-UHFFFAOYSA-N
31	RAHBGWKEPAQNFF-UHFFFAOYSA-N
32	PHXJVRSECIGDHY-UHFFFAOYSA-N
33	JWOGUUIOCYMBPV-GMFLJSBRSA-N
34	LAMIXXKAWNLXOC-INIZCTEOSA-N
35	OYYVWNDMOQPMGE-UHFFFAOYSA-N
36	AVLYNJZZQYEFEA-UHFFFAOYSA-N
37	SQWZFLMPDUSYGV-UHFFFAOYSA-N
38	LSXUTRRVVSPWDZ-MKKUMYSQSA-N
39	OVPNQJVDAFNBDN-UHFFFAOYSA-N
40	IFRGXKKQHBVPCQ-UHFFFAOYSA-N
41	LZMOSYUFVYJEPY-UHFFFAOYSA-N
42	SHGAZHPCJJPHSC-UHFFFAOYSA-N
43	VXTQFTUOAJRUDO-UHFFFAOYSA-N
44	KSWVBCGCPFGGJC-UHFFFAOYSA-N
45	HKEDBKXRDHFCFB-GWXDPSKBSA-N
46	ALXLLOQTGLPCFG-UHFFFAOYSA-N
47	RITAVMQDGBJQJZ-UHFFFAOYSA-N
48	YUKWVHPTFRQHMF-UHFFFAOYSA-N
49	ZGBGPEDJXCYQPH-UHFFFAOYSA-N
50	NMUSYJAQQFHJEW-KVTDHHQDSA-N
51	FDLYAMZZIXQODN-UHFFFAOYSA-N
52	DTDZLJHKVNTQGZ-UHFFFAOYSA-N
53	OUKYUETWWIPKQR-UHFFFAOYSA-N
54	PDOQBOJDRPLBQU-UHFFFAOYSA-N
55	VRQMAABPASPXMW-HDICACEKSA-N
56	CYOHGALHFOKKQC-UHFFFAOYSA-N
57	IRTDIKMSKMREGO-UHFFFAOYSA-N
58	IAYGCINLNONXHY-UHFFFAOYSA-N
59	KVLFRAWTRWDEDF-UHFFFAOYSA-N
60	STUBOTPNCNDBOA-UHFFFAOYSA-N
61	XDHNQDDQEHDUTM-JQWOJBOSSA-N
62	FXNFHKRTJBSTCS-UHFFFAOYSA-N
63	QYZOGCMHVIGURT-UHFFFAOYSA-N
64	WPTTVJLTNAWYAO-UHFFFAOYSA-N
65	KUUJEXLRLIPQQJ-UHFFFAOYSA-N
66	JWQOJVOKBAAAAR-UHFFFAOYSA-N
67	SRLVTMSBRCMODY-QXPFVDMISA-N
68	NCUCGYYHUFIYNU-UHFFFAOYSA-N
69	NCNRHFGMJRPRSK-UHFFFAOYSA-N
70	YTKUWDBFDASYHO-UHFFFAOYSA-N
71	QGJZLNKBHJESQX-FZFNOLFKSA-N
72	NAVMQTYZDKMPEU-UHFFFAOYSA-N
74	XQVVPGYIWAGRNI-UHFFFAOYSA-N
75	PGFQXGLPJUCTOI-UHFFFAOYSA-N
76	ULXXDDBFHOBEHA-UHFFFAOYSA-N
77	LKJPYSCBVHEWIU-UHFFFAOYSA-N
79	MVCOAUNKQVWQHZ-UHFFFAOYSA-N
80	PKWRMUKBEYJEIX-DXXQBUJASA-N
81	OSXFATOLZGZLSK-UHFFFAOYSA-N
82	HOMJAAIVTDVQJA-UHFFFAOYSA-N
83	LZAXPYOBKSJSEX-UHFFFAOYSA-N
84	OYVAGSVQBOHSSS-UHFFFAOYSA-O
85	WGLMBRZXZDAQHP-UHFFFAOYSA-N
86	AANFHDFOMFRLLR-LJQANCHMSA-N
87	PSPFQEBFYXJZEV-UHFFFAOYSA-N
88	ZHXNIYGJAOPMSO-UHFFFAOYSA-N
89	UGQMURPIMYALPH-UHFFFAOYSA-N
90	XEAOPVUAMONVLA-UHFFFAOYSA-N
91	LQVXSNNAFNGRAH-UHFFFAOYSA-N
93	UBPYILGKFZZVDX-UHFFFAOYSA-N
94	MTLMDZJUGDUTCP-YWEFRBEISA-N
97	IMNXDWVLNJJERQ-UHFFFAOYSA-N
98	IUXKWSVGPRSVSQ-UHFFFAOYSA-N
99	KISDJXZVLXBGQQ-UHFFFAOYSA-N
100	IRRONVDGWKKBLQ-AIBWNMTMSA-N
101	NGRSXEMLDRQNMH-LPBFERMMSA-N
102	PZASEUVCJBPSCE-UNVFRBQDSA-N
103	BAJOMULNWMTCGT-BPQIPLTHSA-N
106	GCOOUUHDYUHFBZ-UYXZNNOOSA-N
108	DNKUYHDHYPGMDW-DVHCVUMVSA-N
109	VZQKOZAJNGTVKC-MDNKFWRPSA-N
110	YDUSCKFRHARVGP-UHFFFAOYSA-N
112	FRFGYBSWUNYCIP-VPYPWEPUSA-N
113	ALBVOUUIQWHTKA-REHUZNOOSA-N
115	IDOMJCFPTXQKSJ-YRNRMSPPSA-N
116	HVYAXUQBEQKNPC-BBWFWOEESA-N
117	QSGCCBXTIZPHMD-SRGWNRLKSA-N
119	RCAZYWFWFFHHHO-UHFFFAOYSA-N
120	WAGZSQGCUXDBOA-UHFFFAOYSA-N
123	FLFHXFOLABGIIH-MZLICYQSSA-N
124	DSHPDBIZJLDJKA-GLDPYIMESA-N
125	CVUUOLKFENQCEZ-UHFFFAOYSA-N
126	KTBFUFCVUDUHMK-GVNDJSPXSA-N
127	RRJDFENBXIEAPD-UHFFFAOYSA-N
128	GIKJWVQVMSIYNX-JXXFODFXSA-N
129	CGGMDMYBCWDOLZ-UHFFFAOYSA-N
130	WYKJOBISBUCKND-DEYYWGMASA-N
131	OYKBHWDUAQJSNT-CJYOKPGZSA-N
132	XDKJWJXCXRUBMR-GOXGLGGOSA-N
133	WIOMGKDOBSQCGH-GXDHUFHOSA-N
134	QKNVOCCOOAXREN-SVMVAKDDSA-N
135	RGGFUBMUOVFZEF-LDRVEFRDSA-N
136	LDEMJBAJJXLTPL-INEJIFKHSA-N
137	XOTYHNIEAMYTDW-AHIWAGSCSA-N
138	CROBQSVNIOLQSN-VKIDHGPPSA-N
139	VYFBRDJIRRTWMS-UHFFFAOYSA-N
140	NQJCYDIBEOZMBZ-QYWGDWMGSA-N
141	PYIGZVBXHAUBPU-UHFFFAOYSA-N
142	ZSZRFUWYOKUGNE-INEJIFKHSA-N
143	FFFWFAUFYUNHEL-MRXNPFEDSA-N
144	KXCVLZMSFBFHGZ-KURKYZTESA-N
145	VTKOTAQLGFRVGB-PJVIOAIDSA-N
146	NXHPVXNYPQJIOB-UHFFFAOYSA-N
147	RNEUKQLFDMRMOV-UHFFFAOYSA-N
148	ICEMUJZXENLAMO-TWVHRYOLSA-N
149	XHCFGJIATIGRMD-RNDKRWLGSA-N
152	NAFATFFIJBWNMH-UHFFFAOYSA-N
153	OYKBHWDUAQJSNT-YHGPEZAFSA-N
154	FXIXTIXYCSOXIT-UDKTZTBJSA-N
155	BTSOZOCIIHDJJX-XFAGBWLFSA-N
156	HUEVEPGMWKUIRH-UHFFFAOYSA-N
157	OCKHRKSTDPOHEN-UHFFFAOYSA-N
158	KMWYWXCIJWCOFD-UHFFFAOYSA-N
159	SIAMCPDTZJAYRI-XDWJUNQNSA-N
160	UCPVSNSDYZNCRX-BXOOBUKZSA-N
161	KTPUHGRRTQXBGV-JKSBSHDWSA-N
163	AOWNNPKBATYOEX-UHFFFAOYSA-N
164	ADWJBSWPWOPVMW-YYFZDKIDSA-N
165	FTTYFNWRWDLFLP-FZNQNYSPSA-N
166	XYLRKRISJMFHFX-OAVQTBGQSA-N
167	AJRGHIGYPXNABY-UHFFFAOYSA-N
168	AINZSMIJPNBGRE-DBLORFJXSA-N
169	ODWYCSNXCTXGLE-UHFFFAOYSA-N
170	BEYMMNWQWYQHRB-IGEPHXAOSA-N
171	OCHDOPTVTSINTO-JTDSTZFVSA-N
172	BEUJQTDXAJTLJD-PKZJSCAISA-N
173	AGWAUACRBAQPJJ-UHFFFAOYSA-N
174	KQXRMGFFTUWZBC-LLVKDONJSA-N
177	HQWTUOLCGKIECB-XZWHSSHBSA-N
178	QHQRMZKVLZYZJK-SBZVUBOMSA-N
179	PMGRYRIPEBUYKR-NTEUORMPSA-N
180	JOYQBQFJPLXICC-UHFFFAOYSA-N
181	KAAADIFKRHNJHA-LSDHHAIUSA-N
182	HEKJYZZSCQBJGB-XDHOZWIPSA-N
183	OMUJNJUHZHOBJY-UHFFFAOYSA-N
184	MKILROQBJOOZKC-UHFFFAOYSA-N
186	KQNZDYYTLMIZCT-UHFFFAOYSA-N
187	WCWUXEGQKLTGDX-LLVKDONJSA-N
188	MJQUEDHRCUIRLF-UHFFFAOYSA-N
189	VAVXGGRQQJZYBL-UHFFFAOYSA-N
190	DMMILYKXNCVKOJ-UHFFFAOYSA-N
191	STUWGJZDJHPWGZ-LBPRGKRZSA-N
192	NPRJSFWNFTXXQC-QFWQFVLDSA-N
193	ONIQOQHATWINJY-UHFFFAOYSA-N
194	IFSDAJWBUCMOAH-HNNXBMFYSA-N
195	VSJKWCGYPAHWDS-UHFFFAOYSA-N
196	OMZCMEYTWSXEPZ-UHFFFAOYSA-N
197	CCQPAEQGAVNNIA-UHFFFAOYSA-N
200	LDTAHRLHGHFHKP-UHFFFAOYSA-N
201	FAIFAFUXFFWVNQ-UHFFFAOYSA-N
202	WWGBHDIHIVGYLZ-UHFFFAOYSA-N
203	SJOLTIOPWDLDEB-UHFFFAOYSA-N
204	IBVRETRIDAQSEM-UHFFFAOYSA-N
205	KPFZCKDPBMGECB-UHFFFAOYSA-N
206	DKEHDFPJWIHGBY-UHFFFAOYSA-N
207	IFOHRIXRQPOHQZ-UHFFFAOYSA-N
208	YAXSIJLRAOURJK-UHFFFAOYSA-N
209	SNIGEINPLSDHBQ-UHFFFAOYSA-N
210	XXJWYDDUDKYVKI-UHFFFAOYSA-N
211	UIARLYUEJFELEN-LROUJFHJSA-N
212	QUJIMYXGRCETPJ-NTCAYCPXSA-N
213	GVEZIHKRYBHEFX-UHFFFAOYSA-N
214	LVVRHAVPVOVPGG-UHFFFAOYSA-N
215	XFWLTFZLLXVKDY-UHFFFAOYSA-N
216	BDTMNIXVRYGYPA-UHFFFAOYSA-N
217	YVXCDLCJCIDFHE-UHFFFAOYSA-N
218	IYNDTACKOAXKBJ-UHFFFAOYSA-N
219	FOUVTBKPJRMLPE-UHFFFAOYSA-N
220	KDGFLJKFZUIJMX-UHFFFAOYSA-N
221	SYENTKHGMVKGAQ-UHFFFAOYSA-N
222	CYCGGKILBWERDJ-UHFFFAOYSA-N
223	AQGNHMOJWBZFQQ-UHFFFAOYSA-N
224	JCKYGMPEJWAADB-UHFFFAOYSA-N
225	ZMYDAPJHGNEFGQ-UHFFFAOYSA-N
226	GFMMXOIFOQCCGU-UHFFFAOYSA-N
227	WAFNZAURAWBNDZ-UHFFFAOYSA-N
228	SCKYRAXSEDYPSA-UHFFFAOYSA-N
229	PMATZTZNYRCHOR-UHFFFAOYSA-N
230	URVRJYLSUVXWBC-AATRIKPKSA-N
231	WFYGWJXIPUGUJF-UHFFFAOYSA-N
233	XHQLYWYICDKTPJ-UHFFFAOYSA-N
234	XYZXEEIUKQGUHB-UHFFFAOYSA-N
235	FMSOAWSKCWYLBB-UHFFFAOYSA-N
236	AQIXAKUUQRKLND-UHFFFAOYSA-N
238	WDDPHFBMKLOVOX-UHFFFAOYSA-N
239	CFKMVGJGLGKFKI-UHFFFAOYSA-N
240	MDYVZYDNBUAVCN-MPIXHSIDSA-N
241	FCODPGUEFHCCIA-UHFFFAOYSA-N
242	YOSSKNZHADPXJX-UHFFFAOYSA-N
243	ZIUQYYBAEJBLBL-MIQXUSPNSA-N
244	AICKZRPQDLFSPA-SREVYHEPSA-N
245	ILBRKJBKDGCSCB-UHFFFAOYSA-N
246	LLVZBTWPGQVVLW-UHFFFAOYSA-N
247	KLSIFOJPWJBRFH-GWNOIRNCSA-N
248	SCJHEFQWKWHQTO-UHFFFAOYSA-N
250	NZZOMHODWAPPJH-UHFFFAOYSA-N
251	PLIVFNIUGLLCEK-UHFFFAOYSA-N
252	VFLDPWHFBUODDF-UHFFFAOYSA-N
253	XGPBJCHFROADCK-UHFFFAOYSA-N
254	ONXROKMQGCSOMG-UHFFFAOYSA-N
255	QASFUMOKHFSJGL-UHFFFAOYSA-N
256	CMSMOCZEIVJLDB-UHFFFAOYSA-N
257	UHDGCWIWMRVCDJ-UHFFFAOYSA-N
258	GBOGMAARMMDZGR-UHFFFAOYSA-N
259	BFSMGDJOXZAERB-UHFFFAOYSA-N
260	FDKXTQMXEQVLRF-UHFFFAOYSA-N
262	ZBNZXTGUTAYRHI-UHFFFAOYSA-N
263	QAIMUUJJAJBPCL-UHFFFAOYSA-N
264	XAUDJQYHKZQPEU-JKUQZMGJSA-N
267	UREBDLICKHMUKA-UHFFFAOYSA-N
268	PIMQWRZWLQKKBJ-SFHVURJKSA-N
269	AUZONCFQVSMFAP-UHFFFAOYSA-N
270	BNJOZDZCRHCODO-UHFFFAOYSA-N
271	ZDZOTLJHXYCWBA-UHFFFAOYSA-N
273	AOJJSUZBOXZQNB-UHFFFAOYSA-N
275	MIDUFIRTIFUTQA-UHFFFAOYSA-N
276	WVUNYSQLFKLYNI-AATRIKPKSA-N
277	PRXMGFKGGVZBTL-UHFFFAOYSA-N
278	BKJIXTWSNXCKJH-UHFFFAOYSA-N
279	LRLWXBHFPGSUOX-GJQYOBCGSA-N
280	FNQDSLSOLMXCMU-UHFFFAOYSA-N
281	WMBWREPUVVBILR-WIYYLYMNSA-N
282	AOJJSUZBOXZQNB-UHFFFAOYSA-N
283	QXRSDHAAWVKZLJ-PVYNADRNSA-N
284	BKQFRNYHFIQEKN-UHFFFAOYSA-N
285	VZZJRYRQSPEMTK-CALCHBBNSA-N
287	AAKJLRGGTJKAMG-UHFFFAOYSA-N
289	DZLOHEOHWICNIL-UHFFFAOYSA-N
290	VJJPUSNTGOMMGY-BQZFVAJISA-N
291	DPLMXAYKJZOTKO-UHFFFAOYSA-N
292	HKVAMNSJSFKALM-UHFFFAOYSA-N
293	FUZYTVDVLBBXDL-UHFFFAOYSA-N
294	WYQIPCUPNMRAKP-UHFFFAOYSA-O
295	VUWXAQFLTSBUDB-UHFFFAOYSA-N
296	AXNUEXXEQGQWPA-UHFFFAOYSA-N
297	KKGQTZUTZRNORY-UHFFFAOYSA-N
298	KPBNHDGDUADAGP-UHFFFAOYSA-N
299	FJLGEFLZQAZZCD-MCBHFWOFSA-N
300	IKLGYJACVCXYIL-UHFFFAOYSA-N
301	CXQHYVUVSFXTMY-UHFFFAOYSA-N
302	YKSYGLXHLSPWLB-UHFFFAOYSA-N
303	BWQLUDLZHZRLCJ-UHFFFAOYSA-N
304	XVECMUKVOMUNLE-UHFFFAOYSA-N
305	MDFDJDSQTKNBQU-WEVVVXLNSA-N
306	QISLMXIYRQCLIR-FUMNGEBKSA-N
307	GKFPROVOIQKYTO-UHFFFAOYSA-N
308	VWUXBMIQPBEWFH-LQKBAPIOSA-N
309	UVBUBMSSQKOIBE-UHFFFAOYSA-N
310	KVQOGDQTWWCZFX-UHFFFAOYSA-N
311	BPQMGSKTAYIVFO-UHFFFAOYSA-N
312	DEZZLWQELQORIU-UHFFFAOYSA-N
313	LHNIIDJUOCFXAP-UHFFFAOYSA-N
314	XGALLCVXEZPNRQ-UHFFFAOYSA-N
315	QTQAWLPCGQOSGP-UHFFFAOYSA-N
316	SDUQYLNIPVEERB-UHFFFAOYSA-N
319	BOIPLTNGIAPDBY-UHFFFAOYSA-N
320	WEVYNIUIFUYDGI-UHFFFAOYSA-N
321	QBKSWRVVCFFDOT-UHFFFAOYSA-N
322	MOSKATHMXWSZTQ-UHFFFAOYSA-N
323	WNWSUJQVZJJGLF-UHFFFAOYSA-N
324	WVSBGSNVCDAMCF-UHFFFAOYSA-N
325	WBKCKEHGXNWYMO-UHFFFAOYSA-N
326	QDITZBLZQQZVEE-UHFFFAOYSA-N
328	QTBWCSQGBMPECM-UHFFFAOYSA-N
329	LIRYPHYGHXZJBZ-UHFFFAOYSA-N
332	CGBJSGAELGCMKE-UHFFFAOYSA-N
333	AXTAPYRUEKNRBA-UHFFFAOYSA-N
334	XTKLTGBKIDQGQL-UHFFFAOYSA-N
335	YOVNFNXUCOWYSG-UHFFFAOYSA-N
336	WYSLOKHVFKLWOU-UHFFFAOYSA-N
337	OLIIUAHHAZEXEX-UHFFFAOYSA-N
338	ZHJGWYRLJUCMRT-UHFFFAOYSA-N
339	AAAQFGUYHFJNHI-SFHVURJKSA-N
340	KGPGFQWBCSZGEL-UHFFFAOYSA-N
341	WHMXDBPHBVLYRC-UHFFFAOYSA-N
342	NXNQLECPAXXYTR-UHFFFAOYSA-N
343	MYQAUKPBNJWPIE-UHFFFAOYSA-N
344	FSFZRNZSZYDVLI-UHFFFAOYSA-N
345	JSKUWFIZUALZLX-UHFFFAOYSA-N
346	BIGPXXAUSQLTQR-UHFFFAOYSA-N
347	NCZYSQOTAYFTNM-UHFFFAOYSA-N
348	INAFQGYNNQIERK-UHFFFAOYSA-N
349	IMEGLYUXMGWVQA-UHFFFAOYSA-N
350	UMBFDGUGXMOMHX-BQYQJAHWSA-N
351	LNRUPMPQQGPSQT-UHFFFAOYSA-N
352	GQRREYKSPJMLAW-KZFONMTISA-N
353	AAAQFGUYHFJNHI-SFHVURJKSA-N
354	VUVUVNZRUGEAHB-CYBMUJFWSA-N
355	MPBVHIBUJCELCL-UHFFFAOYSA-N
356	XYFPWWZEPKGCCK-UHFFFAOYSA-N
357	GNWHRHGTIBRNSM-UHFFFAOYSA-N
358	OBYGAPWKTPDTAS-UHFFFAOYSA-N
359	HOMGKSMUEGBAAB-AWEZNQCLSA-N
360	BWZJBXAPRCVCKQ-UHFFFAOYSA-N
361	KTUFNOKKBVMGRW-UHFFFAOYSA-N
362	HKGJEZIGDHFJFL-UHFFFAOYSA-N
363	SETFNECMODOHTO-UHFFFAOYSA-N
364	CAOSCCRYLYQBES-UHFFFAOYSA-N
365	RFAXLXKIAKIUDT-UHFFFAOYSA-N
366	HQQHYDSAYJUPSU-UHFFFAOYSA-N
367	UWKQSNNFCGGAFS-UHFFFAOYSA-N
368	TXDUTHBFYKGSAH-UHFFFAOYSA-N
369	DXDRHHKMWQZJHT-UHFFFAOYSA-N
370	HZNTVAYNXKPCFK-UHFFFAOYSA-N
371	WWGBHDIHIVGYLZ-UHFFFAOYSA-N
373	QJZRFPJCWMNVAV-UHFFFAOYSA-N
374	QJZRFPJCWMNVAV-HHHXNRCGSA-N
375	IQVRBWUUXZMOPW-PKNBQFBNSA-N
376	VHVPQPYKVGDNFY-UHFFFAOYSA-N
377	JUWDSDKJBMFLHE-UHFFFAOYSA-N
378	FABUFPQFXZVHFB-UHFFFAOYSA-N
379	CEGSUKYESLWKJP-UHFFFAOYSA-N
380	KQMPRSZTUSSXND-UHFFFAOYSA-N
381	VCUNSUCAAIMDKU-UHFFFAOYSA-N
382	DOXYOPGGFSMXOX-UHFFFAOYSA-N
389	PCNJGBMWAZRVEA-UHFFFAOYSA-N
390	ZJZWZIXSGNFWQQ-UHFFFAOYSA-N
391	VVTHOUCIAGHQBD-UHFFFAOYSA-N
392	AKCRNFFTGXBONI-UHFFFAOYSA-N
393	KRIKILRRJCIWNB-UHFFFAOYSA-N
394	CXJCGSPAPOTTSF-VURMDHGXSA-N
395	DGRJOOOHPBSAHD-UHFFFAOYSA-N
396	LFKQSJNCVRGFCC-UHFFFAOYSA-N
397	YVCXQRVVNQMZEI-UHFFFAOYSA-N
398	BIWGYFZAEWGBAL-UHFFFAOYSA-N
400	SINQIEAULQKUPD-UHFFFAOYSA-N
401	GCWCGSPBENFEPE-VWLOTQADSA-N
402	DWQVGCQPWXKRKO-LVZFUZTISA-N
403	PHNZIIMWDVXPGG-UHFFFAOYSA-N
404	CKUFOBCNTCLXJP-UHFFFAOYSA-N
405	NXNRAECHCJZNRF-UHFFFAOYSA-N
406	NLNGWFLRRRYNIL-PLNGDYQASA-N
407	AATCBLYHOUOCTO-UHFFFAOYSA-N
408	RFSMUFRPPYDYRD-CALCHBBNSA-N
409	XRKYMMUGXMWDAO-UHFFFAOYSA-N
410	SCELLOWTHJGVIC-UHFFFAOYSA-N
411	YYLKKYCXAOBSRM-JXMROGBWSA-N
412	HUNGUWOZPQBXGX-UHFFFAOYSA-N
413	MURCDOXDAHPNRQ-UHFFFAOYSA-N
414	WXJLXRNWMLWVFB-UHFFFAOYSA-N
415	BCFGMOOMADDAQU-UHFFFAOYSA-N
416	BWDQBBCUWLSASG-UHFFFAOYSA-N
418	YZZAIQOVMHVWBS-UHFFFAOYSA-N
419	GOTYRUGSSMKFNF-UHFFFAOYSA-N
420	WOSKHXYHFSIKNG-UHFFFAOYSA-N
421	YACHGFWEQXFSBS-XYERBDPFSA-N
423	BQLDGDMKDYAGNE-UHFFFAOYSA-N
424	MPVGZUGXCQEXTM-UHFFFAOYSA-N
426	JUJPKFNFCWJBCX-UHFFFAOYSA-N
427	PCZOHLXUXFIOCF-BXMDZJJMSA-N
428	IWMCPJZTADUIFX-UHFFFAOYSA-N
429	IVRXNBXKWIJUQB-UHFFFAOYSA-N
430	GZNIYOXWFCDBBJ-UHFFFAOYSA-N
431	AXRCEOKUDYDWLF-UHFFFAOYSA-N
432	XIZGHTZLVCHYJN-JCXHLWBCSA-N
433	QYPJBTMRYKRTFG-UHFFFAOYSA-N
434	WJEOLQLKVOPQFV-UHFFFAOYSA-N
435	NZJKEVWTYMOYOR-UHFFFAOYSA-N
436	OPXLLQIJSORQAM-UHFFFAOYSA-N
437	ABZSPJVXTTUFAA-UHFFFAOYSA-N
438	FBOZXECLQNJBKD-UHFFFAOYSA-N
439	MUJOCHRZXRZONW-FOCLMDBBSA-N
440	TZYWCYJVHRLUCT-UHFFFAOYSA-N
441	UFICVEHDQUKCEA-UHFFFAOYSA-N
442	MNSXQGKLDTVOLP-UHFFFAOYSA-N
443	SRQYLNYQAPCPIR-UHFFFAOYSA-N
444	BMGQWWVMWDBQGC-UHFFFAOYSA-N
445	NWIBSHFKIJFRCO-UHFFFAOYSA-N
446	BKWJAKQVGHWELA-UHFFFAOYSA-N
447	XCGJIFAKUZNNOR-UHFFFAOYSA-N
448	ULDXWLCXEDXJGE-UHFFFAOYSA-N
449	XAYFWWVZSYKDIS-UHFFFAOYSA-N
450	JRESCQKIRPOOEM-UHFFFAOYSA-N
451	YOLTZIVRJAPVPH-UHFFFAOYSA-N
452	HMGDKYUJSFVHIY-UHFFFAOYSA-N
453	UNVKYJSNMVDZJE-UHFFFAOYSA-N
454	GMHIOMMKSMSRLY-UHFFFAOYSA-N
455	VIBHJPDPEVVDTB-UHFFFAOYSA-N
456	SZYDKEIZVCSYNB-TWGQIWQCSA-N
457	ROLAAOPXUWECGQ-UHFFFAOYSA-N
458	NGAPBLRRJSKIRT-UHFFFAOYSA-N
459	NMFHWISFZINRTB-GGUMNFRJSA-N
460	YWMJEKUKEKXNSA-CQSZACIVSA-N
461	LNENLABLFGGAFF-BHDDXSALSA-N
463	VWMJHAFYPMOMGF-ZCFIWIBFSA-N
464	MPUQHZXIXSTTDU-UHFFFAOYSA-N
465	ZVHNDZWQTBEVRY-UHFFFAOYSA-N
466	FOFDIMHVKGYHRU-UHFFFAOYSA-N
467	NMJMRSQTDLRCRQ-UHFFFAOYSA-N
468	INVTYAOGFAGBOE-UHFFFAOYSA-N
469	MIQUEZGHEJGPJB-UHFFFAOYSA-N
470	IKMDFBPHZNJCSN-UHFFFAOYSA-N
471	ZZIKIHCNFWXKDY-UHFFFAOYSA-N
472	WHDJEAZLMYPLGL-UHFFFAOYSA-N
473	ZZCVHHDIBFSYFY-UHFFFAOYSA-N
474	LZAZURSABQIKGB-UHFFFAOYSA-N
482	TXUWMXQFNYDOEZ-UHFFFAOYSA-N
483	SMJGLNVGTJLIRV-KBEFMPHXSA-N
484	FNPPHVLYVGMZMZ-XBXARRHUSA-N
485	IXOXBSCIXZEQEQ-UHFFFAOYSA-N
486	QAGYKUNXZHXKMR-UHFFFAOYSA-N
487	YRSJLYCTJWNTMF-UHFFFAOYSA-N
488	JWNPDZNEKVCWMY-UHFFFAOYSA-N
489	SMPGEBOIKULBCT-UHFFFAOYSA-N
490	RJMUSRYZPJIFPJ-UHFFFAOYSA-N
491	HHZIURLSWUIHRB-UHFFFAOYSA-N
492	XZXHXSATPCNXJR-UHFFFAOYSA-N
493	DWGSXNATVAGHKZ-UHFFFAOYSA-N
494	KZLQLABUFJNPSZ-UHFFFAOYSA-N
495	HWNUSGNZBAISFM-UHFFFAOYSA-N
496	MWFZDJLPWDCQIL-UHFFFAOYSA-N
497	BIQBDHSYQMHHPU-UHFFFAOYSA-N
498	YXEWPGYLMHXLPS-UHFFFAOYSA-N
499	DEFBCZWQLILOJF-UHFFFAOYSA-N
500	MVCLSAMNMAWXFQ-UHFFFAOYSA-N
502	PKCYYPHSCUSQDK-UHFFFAOYSA-N
503	BMKPVDQDJQWBPD-UHFFFAOYSA-N
504	MAASHDQFQDDECQ-UHFFFAOYSA-N
505	JAMULYFATHSZJM-UHFFFAOYSA-N
506	OWXORKPNCHJYOF-UHFFFAOYSA-N
507	BDUHCSBCVGXTJM-UHFFFAOYSA-N
509	MVSSJPGNLQPWSW-UHFFFAOYSA-N
510	LSFLAQVDISHMNB-UHFFFAOYSA-N
511	JOGKUKXHTYWRGZ-UHFFFAOYSA-N
512	IBPVXAOOVUAOKJ-UHFFFAOYSA-N
513	KRWMERLEINMZFT-UHFFFAOYSA-N
514	CVCLJVVBHYOXDC-IAZSKANUSA-N
515	MNULEGDCPYONBU-UHFFFAOYSA-N
516	NDUVSANREQEDRE-UHFFFAOYSA-N
517	HYFHYPWGAURHIV-UHFFFAOYSA-N
518	JROFGZPOBKIAEW-TXEJJXNPSA-N
519	PKCDDUHJAFVJJB-UHFFFAOYSA-N
520	FGTCROZDHDSNIO-UHFFFAOYSA-N
521	YULUCECVQOCQFQ-UHFFFAOYSA-N
522	LPMXVESGRSUGHW-XPXORLBYSA-N
523	SSJXIUAHEKJCMH-UHFFFAOYSA-N
524	QRPSQQUYPMFERG-UHFFFAOYSA-N
525	YQNRVGJCPCNMKT-UHFFFAOYSA-N
526	RCINICONZNJXQF-MZXODVADSA-N
527	ASVWFAVGLYUDFD-PMACEKPBSA-N
528	ADIBZDPLGZLXIO-UHFFFAOYSA-N
529	FPOHNWQLNRZRFC-UHFFFAOYSA-N
530	YRWLZFXJFBZBEY-UHFFFAOYSA-N
531	KTEXNACQROZXEV-UHFFFAOYSA-N
532	CUIHSIWYWATEQL-UHFFFAOYSA-N
533	CUIHSIWYWATEQL-UHFFFAOYSA-N
534	LSPANGZZENHZNJ-UHFFFAOYSA-N
535	SUDAHWBOROXANE-UHFFFAOYSA-N
536	AHJRHEGDXFFMBM-UHFFFAOYSA-N
537	DXCUKNQANPLTEJ-UHFFFAOYSA-N
538	XXSSGBYXSKOLAM-UHFFFAOYSA-N
539	QFWCYNPOPKQOKV-UHFFFAOYSA-N
540	LGAWSVFQACGGJL-UHFFFAOYSA-N
541	WBXPDJSOTKVWSJ-UHFFFAOYSA-N
542	JUOWWGNRWRLBSV-MEKGRNQZSA-N
543	VFCRKLWBYMDAED-UHFFFAOYSA-N
544	AYCPARAPKDAOEN-LJQANCHMSA-N
545	RYYNGWLOYLRZLK-UHFFFAOYSA-N
546	XDLYKKIQACFMJG-UHFFFAOYSA-N
547	FBLPQCAQRNSVHB-UHFFFAOYSA-N
548	AUMDBEHGJRZSOO-UHFFFAOYSA-N
549	NPUXORBZRBIOMQ-RUZDIDTESA-N
550	MZDKLVOWGIOKTN-UHFFFAOYSA-N
551	HESLKTSGTIBHJU-UHFFFAOYSA-N
552	BIODYGOZWZNCAG-UHFFFAOYSA-N
553	TXZPMHLMPKIUGK-UHFFFAOYSA-N
554	OYONTEXKYJZFHA-UHFFFAOYSA-N
555	HUXYBQXJVXOMKX-UHFFFAOYSA-N
556	ICFJFFQQTFMIBG-UHFFFAOYSA-N
557	GKSGTWUNURZTKD-UHFFFAOYSA-N
558	TUVCWJQQGGETHL-UHFFFAOYSA-N
559	OLTZHXYLLRJLST-UHFFFAOYSA-O
560	ZZUZYEMRHCMVTB-UHFFFAOYSA-N
561	JFVNFXCESCXMBC-UHFFFAOYSA-N
562	VABYUUZNAVQNPG-UHFFFAOYSA-N
564	CGDLWHGPJPVPDU-ATVHPVEESA-N
565	JBBYCBXVYZDRPE-UHFFFAOYSA-N
567	NBZFRTJWEIHFPF-UHFFFAOYSA-N
568	GPXBXXGIAQBQNI-UHFFFAOYSA-N
569	YZDJQTHVDDOVHR-UHFFFAOYSA-N
570	RFBVBRVVOPAAFS-UHFFFAOYSA-N
571	BGBNULCRKBVAKL-UHFFFAOYSA-N
572	HXNBAOLVPAWYLT-OVCLIPMQSA-N
573	CPTBDICYNRMXFX-UHFFFAOYSA-N
574	WIKYUJGCLQQFNW-UHFFFAOYSA-N
575	FYBHCRQFSFYWPY-UHFFFAOYSA-N
576	PMXCMJLOPOFPBT-HNNXBMFYSA-N
577	BPBPYQWMFCTCNG-UHFFFAOYSA-N
578	ARGIPZKQJGFSGQ-UHFFFAOYSA-N
579	ACPOUJIDANTYHO-UHFFFAOYSA-N
580	WKSAUQYGYAYLPV-UHFFFAOYSA-N
582	JMVDIGHUQAXWIE-UHFFFAOYSA-N
583	UASQUKUDXJFTCO-UHFFFAOYSA-N
584	RTRNJQOBEOISFQ-UHFFFAOYSA-N
586	DOKZLKDGUQWMSX-UHFFFAOYSA-N
587	CVWXJKQAOSCOAB-UHFFFAOYSA-N
588	UCGWYCMPZXDHNR-UHFFFAOYSA-N
589	KXMZDGSRSGHMMK-VWLOTQADSA-N
590	YABJJWZLRMPFSI-UHFFFAOYSA-N
591	QFJCIRLUMZQUOT-UHFFFAOYSA-N
592	RDSACQWTXKSHJT-UHFFFAOYSA-N
593	FNHKPVJBJVTLMP-UHFFFAOYSA-N
594	BEFOBMGNAJJGSD-UHFFFAOYSA-N
595	HPTXLHAHLXOAKV-UHFFFAOYSA-N
596	OWBFCJROIKNMGD-BQYQJAHWSA-N
597	KZENBFUSKMWCJF-UHFFFAOYSA-N
598	XOLMRFUGOINFDQ-UHFFFAOYSA-N
599	OJPLJFIFUQPSJR-INIZCTEOSA-N
600	BTIHMVBBUGXLCJ-UHFFFAOYSA-N
602	HFNKQEVNSGCOJV-OAHLLOKOSA-N
603	DLMYFMLKORXJPO-UHFFFAOYSA-N
604	UADRPWLRVLBVBC-UHFFFAOYSA-N
606	LCOIAYJMPKXARU-UHFFFAOYSA-N
607	JCSGFHVFHSKIJH-UHFFFAOYSA-N
608	WGZOTBUYUFBEPZ-UHFFFAOYSA-N
609	MQBZVUNNWUIPMK-UHFFFAOYSA-N
610	LSONWRHLFZYHIN-UHFFFAOYSA-N
611	FHYUGAJXYORMHI-UHFFFAOYSA-N
612	DKPQHFZUICCZHF-UHFFFAOYSA-N
613	PGXYIBJJCLWJST-MUUNZHRXSA-N
614	DKPQHFZUICCZHF-UHFFFAOYSA-N
615	DPCXEUSDRQOOGZ-UHFFFAOYSA-N
616	NCAJLQDPTZBGJV-UHFFFAOYSA-N
617	AVXQPEKZIGPIJW-UHFFFAOYSA-N
629	PKXWXXPNHIWQHW-RCBQFDQVSA-N
630	JCKLHFMOFAYQHE-UHFFFAOYSA-N
632	IQCKJUKAQJINMK-HUBRGWSESA-N
633	BCZUAADEACICHN-UHFFFAOYSA-N
634	NEZONWMXZKDMKF-SNVBAGLBSA-N
635	OTIWAYTTYNFEKL-JOCHJYFZSA-N
637	BNRNXUUZRGQAQC-UHFFFAOYSA-N
638	MUOKSQABCJCOPU-UHFFFAOYSA-N
639	RYMZZMVNJRMUDD-HGQWONQESA-N
641	MFFMDFFZMYYVKS-SECBINFHSA-N
642	RKKFQJXGAQWHBZ-UHFFFAOYSA-N
643	HXMGCTFLLWPVFM-GOSISDBHSA-N
644	ZFGXZJKLOFCECI-UHFFFAOYSA-N
645	SXOZSDJHGMAEGZ-JEAFIYPQSA-N
646	SFSSAKVWCKFRHE-UHFFFAOYSA-N
647	FJHBVJOVLFPMQE-UHFFFAOYSA-N
648	OUSFTKFNBAZUKL-UHFFFAOYSA-N
649	ZFVRYNYOPQZKDG-UHFFFAOYSA-N
651	MLDQJTXFUGDVEO-UHFFFAOYSA-N
652	OAVGBZOFDPFGPJ-UHFFFAOYSA-N
653	AWIVHRPYFSSVOG-UHFFFAOYSA-N
654	TZDAVNWDKGYBCW-IDAMAFBJSA-N
655	OZBSSKGBKHOLGA-UHFFFAOYSA-N
656	UIEBLUZPSFAFOC-UHFFFAOYSA-N
657	GXDSSUIUJKSVED-UHFFFAOYSA-N
658	HKSZLNNOFSGOKW-FYTWVXJKSA-N
659	BGFHMYJZJZLMHW-UHFFFAOYSA-N
660	NGQPRVWTFNBUHA-UHFFFAOYSA-N
661	KATNUHQNJGNLPW-UHFFFAOYSA-N
662	FPYJSJDOHRDAMT-UHFFFAOYSA-N
663	WINHZLLDWRZWRT-UHFFFAOYSA-N
664	WINHZLLDWRZWRT-ATVHPVEESA-N
665	TZOBOAHCWXVNEO-UHFFFAOYSA-N
666	SGIWFELWJPNFDH-UHFFFAOYSA-N
667	VAZAPHZUAVEOMC-UHFFFAOYSA-N
668	QJJXYPPXXYFBGM-UHFFFAOYSA-N
669	QQWUGDVOUVUTOY-UHFFFAOYSA-N
670	HEKAIDKUDLCBRU-UHFFFAOYSA-N
671	IUEWAGVJRJORLA-HZPDHXFCSA-N
672	NHHQJBCNYHBUSI-UHFFFAOYSA-N
673	NKANXQFJJICGDU-QPLCGJKRSA-N
674	UXXQOJXBIDBUAC-UHFFFAOYSA-N
677	SVSYJTYGPLVUOZ-UHFFFAOYSA-N
679	BPEGJWRSRHCHSN-UHFFFAOYSA-N
680	CBPNZQVSJQDFBE-UHFFFAOYSA-N
681	NRUKOCRGYNPUPR-UHFFFAOYSA-N
682	UJIAQDJKSXQLIT-UHFFFAOYSA-N
683	JOOXLOJCABQBSG-UHFFFAOYSA-N
684	CPRAGQJXBLMUEL-UHFFFAOYSA-N
685	UEJJHQNACJXSKW-UHFFFAOYSA-N
686	IXFPJGBNCFXKPI-LGJGSQFISA-N
689	CGZOGNUFXMNYEI-UDUHKTKDSA-N
690	PLHJCIYEEKOWNM-MHZLTWQESA-N
691	PLHJCIYEEKOWNM-UHFFFAOYSA-N
692	UCEQXRCJXIVODC-PMACEKPBSA-N
693	SPMVMDHWKHCIDT-UHFFFAOYSA-N
694	KCOYQXZDFIIGCY-UHFFFAOYSA-N
697	UCFGDBYHRUNTLO-UHFFFAOYSA-N
698	FWFGIHPGRQZWIW-UHFFFAOYSA-N
699	SAYGKHKXGCPTLX-UHFFFAOYSA-N
702	DZAUSKKPHXFGNN-UHFFFAOYSA-N
703	RTKIYFITIVXBLE-UHFFFAOYSA-N
704	HOGVTUZUJGHKPL-UHFFFAOYSA-N
705	ZEWQUBUPAILYHI-UHFFFAOYSA-N
706	DFBIRQPKNDILPW-UHFFFAOYSA-N
707	GOVYBPLHWIEHEJ-UHFFFAOYSA-N
708	PQAPVTKIEGUPRN-UHFFFAOYSA-N
710	AULLUGALUBVBDD-UHFFFAOYSA-N
711	QOECJCJVIMVJGX-UHFFFAOYSA-N
713	PQOOIERVZAXHBP-UHFFFAOYSA-N
714	XTKUZTBZRIJTFR-UHFFFAOYSA-N
715	LNPDTQAFDNKSHK-UHFFFAOYSA-N
716	NIJJYAXOARWZEE-UHFFFAOYSA-N
717	UHTHHESEBZOYNR-UHFFFAOYSA-N
719	ZXGGCBQORXDVTE-UHFFFAOYSA-N
720	JXLYSJRDGCGARV-UHFFFAOYSA-N
721	KUSGVVPSWLLOSB-UHFFFAOYSA-N
722	GBABOYUKABKIAF-UHFFFAOYSA-N
724	ZBGXUVOIWDMMJE-QHNZEKIYSA-N
725	WAEXFXRVDQXREF-UHFFFAOYSA-N
728	IXLLRNNFUYEADZ-UHFFFAOYSA-N
729	WUTVMXLIGHTZJC-OAQYLSRUSA-N
730	GCIKSSRWRFVXBI-UHFFFAOYSA-N
731	FYSRKRZDBHOFAY-UHFFFAOYSA-N
732	INASOKQDNHHMRE-UHFFFAOYSA-N
733	NBTNHSGBRGTFJS-UHFFFAOYSA-N
734	LIDOPKHSVQTSJY-VMEIHUARSA-N
735	OTPQDXLFXQGSHS-UHFFFAOYSA-N
736	DGEBYERMQBTMHV-UHFFFAOYSA-N
737	ITTRLTNMFYIYPA-UHFFFAOYSA-N
738	KIISCIGBPUVZBF-UHFFFAOYSA-N
739	KLGQSVMIPOVQAX-UHFFFAOYSA-N
740	ONIQOQHATWINJY-UHFFFAOYSA-N
741	HJSSPYJVWLTYHG-UHFFFAOYSA-N
742	VIJIVCXRKDRGGA-UHFFFAOYSA-N
743	WBLZCNIEEVRRTG-UHFFFAOYSA-N
744	UISRWLSAXIOCND-UHFFFAOYSA-N
746	DDTPGANIPBKTNU-UHFFFAOYSA-N
747	QAPAJIZPZGWAND-UHFFFAOYSA-N
748	NPHPNBGYPKBDDB-UHFFFAOYSA-N
749	JTVBXQAYBIJXRP-SNVBAGLBSA-N
750	HLXSCTYHLQHQDJ-UHFFFAOYSA-N
751	RHVIOOGDCUZPSJ-VEEBJBTGSA-N
752	OTSOOHRUMBRSHZ-UHFFFAOYSA-N
753	YBPIBGNBHHGLEB-UHFFFAOYSA-N
754	RNPDUXVFGTULLP-UHFFFAOYSA-N
755	RPQZTTQVRYEKCR-UHFFFAOYSA-N
756	VZEONOGFXYTZGT-WEVVVXLNSA-N
757	FJHHZXWJVIEFGJ-UHFFFAOYSA-N
758	OGNYUTNQZVRGMN-UHFFFAOYSA-N
759	HGVNLRPZOWWDKD-UHFFFAOYSA-N
